word,score
a+,1.0
abound,1.0
abounds,1.0
abundance,1.0
abundant,1.0
accessable,1.0
accessible,1.0
acclaim,1.0
acclaimed,1.0
acclamation,1.0
accolade,1.0
accolades,1.0
accommodative,1.0
accomodative,1.0
accomplish,1.0
accomplished,1.0
accomplishment,1.0
accomplishments,1.0
accurate,1.0
accurately,1.0
achievable,1.0
achievement,1.0
achievements,1.0
achievible,1.0
acumen,1.0
adaptable,1.0
adaptive,1.0
adequate,1.0
adjustable,1.0
admirable,1.0
admirably,1.0
admiration,1.0
admire,1.0
admirer,1.0
admiring,1.0
admiringly,1.0
adorable,1.0
adore,1.0
adored,1.0
adorer,1.0
adoring,1.0
adoringly,1.0
adroit,1.0
adroitly,1.0
adulate,1.0
adulation,1.0
adulatory,1.0
advanced,1.0
advantage,1.0
advantageous,1.0
advantageously,1.0
advantages,1.0
adventuresome,1.0
adventurous,1.0
advocate,1.0
advocated,1.0
advocates,1.0
affability,1.0
affable,1.0
affably,1.0
affectation,1.0
affection,1.0
affectionate,1.0
affinity,1.0
affirm,1.0
affirmation,1.0
affirmative,1.0
affluence,1.0
affluent,1.0
afford,1.0
affordable,1.0
affordably,1.0
afordable,1.0
agile,1.0
agilely,1.0
agility,1.0
agreeable,1.0
agreeableness,1.0
agreeably,1.0
all-around,1.0
alluring,1.0
alluringly,1.0
altruistic,1.0
altruistically,1.0
amaze,1.0
amazed,1.0
amazement,1.0
amazes,1.0
amazing,1.0
amazingly,1.0
ambitious,1.0
ambitiously,1.0
ameliorate,1.0
amenable,1.0
amenity,1.0
amiability,1.0
amiabily,1.0
amiable,1.0
amicability,1.0
amicable,1.0
amicably,1.0
amity,1.0
ample,1.0
amply,1.0
amuse,1.0
amusing,1.0
amusingly,1.0
angel,1.0
angelic,1.0
apotheosis,1.0
appeal,1.0
appealing,1.0
applaud,1.0
appreciable,1.0
appreciate,1.0
appreciated,1.0
appreciates,1.0
appreciative,1.0
appreciatively,1.0
appropriate,1.0
approval,1.0
approve,1.0
ardent,1.0
ardently,1.0
ardor,1.0
articulate,1.0
aspiration,1.0
aspirations,1.0
aspire,1.0
assurance,1.0
assurances,1.0
assure,1.0
assuredly,1.0
assuring,1.0
astonish,1.0
astonished,1.0
astonishing,1.0
astonishingly,1.0
astonishment,1.0
astound,1.0
astounded,1.0
astounding,1.0
astoundingly,1.0
astutely,1.0
attentive,1.0
attraction,1.0
attractive,1.0
attractively,1.0
attune,1.0
audible,1.0
audibly,1.0
auspicious,1.0
authentic,1.0
authoritative,1.0
autonomous,1.0
available,1.0
aver,1.0
avid,1.0
avidly,1.0
award,1.0
awarded,1.0
awards,1.0
awe,1.0
awed,1.0
awesome,1.0
awesomely,1.0
awesomeness,1.0
awestruck,1.0
awsome,1.0
backbone,1.0
balanced,1.0
bargain,1.0
beauteous,1.0
beautiful,1.0
beautifullly,1.0
beautifully,1.0
beautify,1.0
beauty,1.0
beckon,1.0
beckoned,1.0
beckoning,1.0
beckons,1.0
believable,1.0
believeable,1.0
beloved,1.0
benefactor,1.0
beneficent,1.0
beneficial,1.0
beneficially,1.0
beneficiary,1.0
benefit,1.0
benefits,1.0
benevolence,1.0
benevolent,1.0
benifits,1.0
best,1.0
best-known,1.0
best-performing,1.0
best-selling,1.0
better,1.0
better-known,1.0
better-than-expected,1.0
beutifully,1.0
blameless,1.0
bless,1.0
blessing,1.0
bliss,1.0
blissful,1.0
blissfully,1.0
blithe,1.0
blockbuster,1.0
bloom,1.0
blossom,1.0
bolster,1.0
bonny,1.0
bonus,1.0
bonuses,1.0
boom,1.0
booming,1.0
boost,1.0
boundless,1.0
bountiful,1.0
brainiest,1.0
brainy,1.0
brand-new,1.0
brave,1.0
bravery,1.0
bravo,1.0
breakthrough,1.0
breakthroughs,1.0
breathlessness,1.0
breathtaking,1.0
breathtakingly,1.0
breeze,1.0
bright,1.0
brighten,1.0
brighter,1.0
brightest,1.0
brilliance,1.0
brilliances,1.0
brilliant,1.0
brilliantly,1.0
brisk,1.0
brotherly,1.0
bullish,1.0
buoyant,1.0
cajole,1.0
calm,1.0
calming,1.0
calmness,1.0
capability,1.0
capable,1.0
capably,1.0
captivate,1.0
captivating,1.0
carefree,1.0
cashback,1.0
cashbacks,1.0
catchy,1.0
celebrate,1.0
celebrated,1.0
celebration,1.0
celebratory,1.0
champ,1.0
champion,1.0
charisma,1.0
charismatic,1.0
charitable,1.0
charm,1.0
charming,1.0
charmingly,1.0
chaste,1.0
cheaper,1.0
cheapest,1.0
cheer,1.0
cheerful,1.0
cheery,1.0
cherish,1.0
cherished,1.0
cherub,1.0
chic,1.0
chivalrous,1.0
chivalry,1.0
civility,1.0
civilize,1.0
clarity,1.0
classic,1.0
classy,1.0
clean,1.0
cleaner,1.0
cleanest,1.0
cleanliness,1.0
cleanly,1.0
clear,1.0
clear-cut,1.0
cleared,1.0
clearer,1.0
clearly,1.0
clears,1.0
clever,1.0
cleverly,1.0
cohere,1.0
coherence,1.0
coherent,1.0
cohesive,1.0
colorful,1.0
comely,1.0
comfort,1.0
comfortable,1.0
comfortably,1.0
comforting,1.0
comfy,1.0
commend,1.0
commendable,1.0
commendably,1.0
commitment,1.0
commodious,1.0
compact,1.0
compactly,1.0
compassion,1.0
compassionate,1.0
compatible,1.0
competitive,1.0
complement,1.0
complementary,1.0
complemented,1.0
complements,1.0
compliant,1.0
compliment,1.0
complimentary,1.0
comprehensive,1.0
conciliate,1.0
conciliatory,1.0
concise,1.0
confidence,1.0
confident,1.0
congenial,1.0
congratulate,1.0
congratulation,1.0
congratulations,1.0
congratulatory,1.0
conscientious,1.0
considerate,1.0
consistent,1.0
consistently,1.0
constructive,1.0
consummate,1.0
contentment,1.0
continuity,1.0
contrasty,1.0
contribution,1.0
convenience,1.0
convenient,1.0
conveniently,1.0
convience,1.0
convienient,1.0
convient,1.0
convincing,1.0
convincingly,1.0
cool,1.0
coolest,1.0
cooperative,1.0
cooperatively,1.0
cornerstone,1.0
correct,1.0
correctly,1.0
cost-effective,1.0
cost-saving,1.0
counter-attack,1.0
counter-attacks,1.0
courage,1.0
courageous,1.0
courageously,1.0
courageousness,1.0
courteous,1.0
courtly,1.0
covenant,1.0
cozy,1.0
creative,1.0
credence,1.0
credible,1.0
crisp,1.0
crisper,1.0
cure,1.0
cure-all,1.0
cushy,1.0
cute,1.0
cuteness,1.0
danke,1.0
danken,1.0
daring,1.0
daringly,1.0
darling,1.0
dashing,1.0
dauntless,1.0
dawn,1.0
dazzle,1.0
dazzled,1.0
dazzling,1.0
dead-cheap,1.0
dead-on,1.0
decency,1.0
decent,1.0
decisive,1.0
decisiveness,1.0
dedicated,1.0
defeat,1.0
defeated,1.0
defeating,1.0
defeats,1.0
defender,1.0
deference,1.0
deft,1.0
deginified,1.0
delectable,1.0
delicacy,1.0
delicate,1.0
delicious,1.0
delight,1.0
delighted,1.0
delightful,1.0
delightfully,1.0
delightfulness,1.0
dependable,1.0
dependably,1.0
deservedly,1.0
deserving,1.0
desirable,1.0
desiring,1.0
desirous,1.0
destiny,1.0
detachable,1.0
devout,1.0
dexterous,1.0
dexterously,1.0
dextrous,1.0
dignified,1.0
dignify,1.0
dignity,1.0
diligence,1.0
diligent,1.0
diligently,1.0
diplomatic,1.0
dirt-cheap,1.0
distinction,1.0
distinctive,1.0
distinguished,1.0
diversified,1.0
divine,1.0
divinely,1.0
dominate,1.0
dominated,1.0
dominates,1.0
dote,1.0
dotingly,1.0
doubtless,1.0
dreamland,1.0
dumbfounded,1.0
dumbfounding,1.0
dummy-proof,1.0
durable,1.0
dynamic,1.0
eager,1.0
eagerly,1.0
eagerness,1.0
earnest,1.0
earnestly,1.0
earnestness,1.0
ease,1.0
eased,1.0
eases,1.0
easier,1.0
easiest,1.0
easiness,1.0
easing,1.0
easy,1.0
easy-to-use,1.0
easygoing,1.0
ebullience,1.0
ebullient,1.0
ebulliently,1.0
ecenomical,1.0
economical,1.0
ecstasies,1.0
ecstasy,1.0
ecstatic,1.0
ecstatically,1.0
edify,1.0
educated,1.0
effective,1.0
effectively,1.0
effectiveness,1.0
effectual,1.0
efficacious,1.0
efficient,1.0
efficiently,1.0
effortless,1.0
effortlessly,1.0
effusion,1.0
effusive,1.0
effusively,1.0
effusiveness,1.0
elan,1.0
elate,1.0
elated,1.0
elatedly,1.0
elation,1.0
electrify,1.0
elegance,1.0
elegant,1.0
elegantly,1.0
elevate,1.0
elite,1.0
eloquence,1.0
eloquent,1.0
eloquently,1.0
embolden,1.0
eminence,1.0
eminent,1.0
empathize,1.0
empathy,1.0
empower,1.0
empowerment,1.0
enchant,1.0
enchanted,1.0
enchanting,1.0
enchantingly,1.0
encourage,1.0
encouragement,1.0
encouraging,1.0
encouragingly,1.0
endear,1.0
endearing,1.0
endorse,1.0
endorsed,1.0
endorsement,1.0
endorses,1.0
endorsing,1.0
energetic,1.0
energize,1.0
energy-efficient,1.0
energy-saving,1.0
engaging,1.0
engrossing,1.0
enhance,1.0
enhanced,1.0
enhancement,1.0
enhances,1.0
enjoy,1.0
enjoyable,1.0
enjoyably,1.0
enjoyed,1.0
enjoying,1.0
enjoyment,1.0
enjoys,1.0
enlighten,1.0
enlightenment,1.0
enliven,1.0
ennoble,1.0
enough,1.0
enrapt,1.0
enrapture,1.0
enraptured,1.0
enrich,1.0
enrichment,1.0
enterprising,1.0
entertain,1.0
entertaining,1.0
entertains,1.0
enthral,1.0
enthrall,1.0
enthralled,1.0
enthuse,1.0
enthusiasm,1.0
enthusiast,1.0
enthusiastic,1.0
enthusiastically,1.0
entice,1.0
enticed,1.0
enticing,1.0
enticingly,1.0
entranced,1.0
entrancing,1.0
entrust,1.0
enviable,1.0
enviably,1.0
envious,1.0
enviously,1.0
enviousness,1.0
envy,1.0
equitable,1.0
ergonomical,1.0
err-free,1.0
erudite,1.0
ethical,1.0
eulogize,1.0
euphoria,1.0
euphoric,1.0
euphorically,1.0
evaluative,1.0
evenly,1.0
eventful,1.0
everlasting,1.0
evocative,1.0
exalt,1.0
exaltation,1.0
exalted,1.0
exaltedly,1.0
exalting,1.0
exaltingly,1.0
examplar,1.0
examplary,1.0
excallent,1.0
exceed,1.0
exceeded,1.0
exceeding,1.0
exceedingly,1.0
exceeds,1.0
excel,1.0
exceled,1.0
excelent,1.0
excellant,1.0
excelled,1.0
excellence,1.0
excellency,1.0
excellent,1.0
excellently,1.0
excels,1.0
exceptional,1.0
exceptionally,1.0
excite,1.0
excited,1.0
excitedly,1.0
excitedness,1.0
excitement,1.0
excites,1.0
exciting,1.0
excitingly,1.0
exellent,1.0
exemplar,1.0
exemplary,1.0
exhilarate,1.0
exhilarating,1.0
exhilaratingly,1.0
exhilaration,1.0
exonerate,1.0
expansive,1.0
expeditiously,1.0
expertly,1.0
exquisite,1.0
exquisitely,1.0
extol,1.0
extoll,1.0
extraordinarily,1.0
extraordinary,1.0
exuberance,1.0
exuberant,1.0
exuberantly,1.0
exult,1.0
exultant,1.0
exultation,1.0
exultingly,1.0
eye-catch,1.0
eye-catching,1.0
eyecatch,1.0
eyecatching,1.0
fabulous,1.0
fabulously,1.0
facilitate,1.0
fair,1.0
fairly,1.0
fairness,1.0
faith,1.0
faithful,1.0
faithfully,1.0
faithfulness,1.0
fame,1.0
famed,1.0
famous,1.0
famously,1.0
fancier,1.0
fancinating,1.0
fancy,1.0
fanfare,1.0
fans,1.0
fantastic,1.0
fantastically,1.0
fascinate,1.0
fascinating,1.0
fascinatingly,1.0
fascination,1.0
fashionable,1.0
fashionably,1.0
fast,1.0
fast-growing,1.0
fast-paced,1.0
faster,1.0
fastest,1.0
fastest-growing,1.0
faultless,1.0
fav,1.0
fave,1.0
favor,1.0
favorable,1.0
favored,1.0
favorite,1.0
favorited,1.0
favour,1.0
fearless,1.0
fearlessly,1.0
feasible,1.0
feasibly,1.0
feat,1.0
feature-rich,1.0
fecilitous,1.0
feisty,1.0
felicitate,1.0
felicitous,1.0
felicity,1.0
fertile,1.0
fervent,1.0
fervently,1.0
fervid,1.0
fervidly,1.0
fervor,1.0
festive,1.0
fidelity,1.0
fiery,1.0
fine,1.0
fine-looking,1.0
finely,1.0
finer,1.0
finest,1.0
firmer,1.0
first-class,1.0
first-in-class,1.0
first-rate,1.0
flashy,1.0
flatter,1.0
flattering,1.0
flatteringly,1.0
flawless,1.0
flawlessly,1.0
flexibility,1.0
flexible,1.0
flourish,1.0
flourishing,1.0
fluent,1.0
flutter,1.0
fond,1.0
fondly,1.0
fondness,1.0
foolproof,1.0
foremost,1.0
foresight,1.0
formidable,1.0
fortitude,1.0
fortuitous,1.0
fortuitously,1.0
fortunate,1.0
fortunately,1.0
fortune,1.0
fragrant,1.0
free,1.0
freed,1.0
freedom,1.0
freedoms,1.0
fresh,1.0
fresher,1.0
freshest,1.0
friendliness,1.0
friendly,1.0
frolic,1.0
frugal,1.0
fruitful,1.0
ftw,1.0
fulfillment,1.0
fun,1.0
futurestic,1.0
futuristic,1.0
gaiety,1.0
gaily,1.0
gain,1.0
gained,1.0
gainful,1.0
gainfully,1.0
gaining,1.0
gains,1.0
gallant,1.0
gallantly,1.0
galore,1.0
geekier,1.0
geeky,1.0
gem,1.0
gems,1.0
generosity,1.0
generous,1.0
generously,1.0
genial,1.0
genius,1.0
gentle,1.0
gentlest,1.0
genuine,1.0
gifted,1.0
glad,1.0
gladden,1.0
gladly,1.0
gladness,1.0
glamorous,1.0
glee,1.0
gleeful,1.0
gleefully,1.0
glimmer,1.0
glimmering,1.0
glisten,1.0
glistening,1.0
glitter,1.0
glitz,1.0
glorify,1.0
glorious,1.0
gloriously,1.0
glory,1.0
glow,1.0
glowing,1.0
glowingly,1.0
god-given,1.0
god-send,1.0
godlike,1.0
godsend,1.0
gold,1.0
golden,1.0
good,1.0
goodly,1.0
goodness,1.0
goodwill,1.0
goood,1.0
gooood,1.0
gorgeous,1.0
gorgeously,1.0
grace,1.0
graceful,1.0
gracefully,1.0
gracious,1.0
graciously,1.0
graciousness,1.0
grand,1.0
grandeur,1.0
grateful,1.0
gratefully,1.0
gratification,1.0
gratified,1.0
gratifies,1.0
gratify,1.0
gratifying,1.0
gratifyingly,1.0
gratitude,1.0
great,1.0
greatest,1.0
greatness,1.0
grin,1.0
groundbreaking,1.0
guarantee,1.0
guidance,1.0
guiltless,1.0
gumption,1.0
gush,1.0
gusto,1.0
gutsy,1.0
hail,1.0
halcyon,1.0
hale,1.0
hallmark,1.0
hallmarks,1.0
hallowed,1.0
handier,1.0
handily,1.0
hands-down,1.0
handsome,1.0
handsomely,1.0
handy,1.0
happier,1.0
happily,1.0
happiness,1.0
happy,1.0
hard-working,1.0
hardier,1.0
hardy,1.0
harmless,1.0
harmonious,1.0
harmoniously,1.0
harmonize,1.0
harmony,1.0
headway,1.0
heal,1.0
healthful,1.0
healthy,1.0
hearten,1.0
heartening,1.0
heartfelt,1.0
heartily,1.0
heartwarming,1.0
heaven,1.0
heavenly,1.0
helped,1.0
helpful,1.0
helping,1.0
hero,1.0
heroic,1.0
heroically,1.0
heroine,1.0
heroize,1.0
heros,1.0
high-quality,1.0
high-spirited,1.0
hilarious,1.0
holy,1.0
homage,1.0
honest,1.0
honesty,1.0
honor,1.0
honorable,1.0
honored,1.0
honoring,1.0
hooray,1.0
hopeful,1.0
hospitable,1.0
hot,1.0
hotcake,1.0
hotcakes,1.0
hottest,1.0
hug,1.0
humane,1.0
humble,1.0
humility,1.0
humor,1.0
humorous,1.0
humorously,1.0
humour,1.0
humourous,1.0
ideal,1.0
idealize,1.0
ideally,1.0
idol,1.0
idolize,1.0
idolized,1.0
idyllic,1.0
illuminate,1.0
illuminati,1.0
illuminating,1.0
illumine,1.0
illustrious,1.0
ilu,1.0
imaculate,1.0
imaginative,1.0
immaculate,1.0
immaculately,1.0
immense,1.0
impartial,1.0
impartiality,1.0
impartially,1.0
impassioned,1.0
impeccable,1.0
impeccably,1.0
important,1.0
impress,1.0
impressed,1.0
impresses,1.0
impressive,1.0
impressively,1.0
impressiveness,1.0
improve,1.0
improved,1.0
improvement,1.0
improvements,1.0
improves,1.0
improving,1.0
incredible,1.0
incredibly,1.0
indebted,1.0
individualized,1.0
indulgence,1.0
indulgent,1.0
industrious,1.0
inestimable,1.0
inestimably,1.0
inexpensive,1.0
infallibility,1.0
infallible,1.0
infallibly,1.0
influential,1.0
ingenious,1.0
ingeniously,1.0
ingenuity,1.0
ingenuous,1.0
ingenuously,1.0
innocuous,1.0
innovation,1.0
innovative,1.0
inpressed,1.0
insightful,1.0
insightfully,1.0
inspiration,1.0
inspirational,1.0
inspire,1.0
inspiring,1.0
instantly,1.0
instructive,1.0
instrumental,1.0
integral,1.0
integrated,1.0
intelligence,1.0
intelligent,1.0
intelligible,1.0
interesting,1.0
interests,1.0
intimacy,1.0
intimate,1.0
intricate,1.0
intrigue,1.0
intriguing,1.0
intriguingly,1.0
intuitive,1.0
invaluable,1.0
invaluablely,1.0
inventive,1.0
invigorate,1.0
invigorating,1.0
invincibility,1.0
invincible,1.0
inviolable,1.0
inviolate,1.0
invulnerable,1.0
irreplaceable,1.0
irreproachable,1.0
irresistible,1.0
irresistibly,1.0
issue-free,1.0
jaw-droping,1.0
jaw-dropping,1.0
jollify,1.0
jolly,1.0
jovial,1.0
joy,1.0
joyful,1.0
joyfully,1.0
joyous,1.0
joyously,1.0
jubilant,1.0
jubilantly,1.0
jubilate,1.0
jubilation,1.0
jubiliant,1.0
judicious,1.0
justly,1.0
keen,1.0
keenly,1.0
keenness,1.0
kid-friendly,1.0
kindliness,1.0
kindly,1.0
kindness,1.0
knowledgeable,1.0
kudos,1.0
large-capacity,1.0
laud,1.0
laudable,1.0
laudably,1.0
lavish,1.0
lavishly,1.0
law-abiding,1.0
lawful,1.0
lawfully,1.0
lead,1.0
leading,1.0
leads,1.0
lean,1.0
led,1.0
legendary,1.0
leverage,1.0
levity,1.0
liberate,1.0
liberation,1.0
liberty,1.0
lifesaver,1.0
light-hearted,1.0
lighter,1.0
likable,1.0
like,1.0
liked,1.0
likes,1.0
liking,1.0
lionhearted,1.0
lively,1.0
logical,1.0
long-lasting,1.0
lovable,1.0
lovably,1.0
love,1.0
loved,1.0
loveliness,1.0
lovely,1.0
lover,1.0
loves,1.0
loving,1.0
low-cost,1.0
low-price,1.0
low-priced,1.0
low-risk,1.0
lower-priced,1.0
loyal,1.0
loyalty,1.0
lucid,1.0
lucidly,1.0
luck,1.0
luckier,1.0
luckiest,1.0
luckiness,1.0
lucky,1.0
lucrative,1.0
luminous,1.0
lush,1.0
luster,1.0
lustrous,1.0
luxuriant,1.0
luxuriate,1.0
luxurious,1.0
luxuriously,1.0
luxury,1.0
lyrical,1.0
magic,1.0
magical,1.0
magnanimous,1.0
magnanimously,1.0
magnificence,1.0
magnificent,1.0
magnificently,1.0
majestic,1.0
majesty,1.0
manageable,1.0
maneuverable,1.0
marvel,1.0
marveled,1.0
marvelled,1.0
marvellous,1.0
marvelous,1.0
marvelously,1.0
marvelousness,1.0
marvels,1.0
master,1.0
masterful,1.0
masterfully,1.0
masterpiece,1.0
masterpieces,1.0
masters,1.0
mastery,1.0
matchless,1.0
mature,1.0
maturely,1.0
maturity,1.0
meaningful,1.0
memorable,1.0
merciful,1.0
mercifully,1.0
mercy,1.0
merit,1.0
meritorious,1.0
merrily,1.0
merriment,1.0
merriness,1.0
merry,1.0
mesmerize,1.0
mesmerized,1.0
mesmerizes,1.0
mesmerizing,1.0
mesmerizingly,1.0
meticulous,1.0
meticulously,1.0
mightily,1.0
mighty,1.0
mind-blowing,1.0
miracle,1.0
miracles,1.0
miraculous,1.0
miraculously,1.0
miraculousness,1.0
modern,1.0
modest,1.0
modesty,1.0
momentous,1.0
monumental,1.0
monumentally,1.0
morality,1.0
motivated,1.0
multi-purpose,1.0
navigable,1.0
neat,1.0
neatest,1.0
neatly,1.0
nice,1.0
nicely,1.0
nicer,1.0
nicest,1.0
nifty,1.0
nimble,1.0
noble,1.0
nobly,1.0
noiseless,1.0
non-violence,1.0
non-violent,1.0
notably,1.0
noteworthy,1.0
nourish,1.0
nourishing,1.0
nourishment,1.0
novelty,1.0
nurturing,1.0
oasis,1.0
obsession,1.0
obsessions,1.0
obtainable,1.0
openly,1.0
openness,1.0
optimal,1.0
optimism,1.0
optimistic,1.0
opulent,1.0
orderly,1.0
originality,1.0
outdo,1.0
outdone,1.0
outperform,1.0
outperformed,1.0
outperforming,1.0
outperforms,1.0
outshine,1.0
outshone,1.0
outsmart,1.0
outstanding,1.0
outstandingly,1.0
outstrip,1.0
outwit,1.0
ovation,1.0
overjoyed,1.0
overtake,1.0
overtaken,1.0
overtakes,1.0
overtaking,1.0
overtook,1.0
overture,1.0
pain-free,1.0
painless,1.0
painlessly,1.0
palatial,1.0
pamper,1.0
pampered,1.0
pamperedly,1.0
pamperedness,1.0
pampers,1.0
panoramic,1.0
paradise,1.0
paramount,1.0
pardon,1.0
passion,1.0
passionate,1.0
passionately,1.0
patience,1.0
patient,1.0
patiently,1.0
patriot,1.0
patriotic,1.0
peace,1.0
peaceable,1.0
peaceful,1.0
peacefully,1.0
peacekeepers,1.0
peach,1.0
peerless,1.0
pep,1.0
pepped,1.0
pepping,1.0
peppy,1.0
peps,1.0
perfect,1.0
perfection,1.0
perfectly,1.0
permissible,1.0
perseverance,1.0
persevere,1.0
personages,1.0
personalized,1.0
phenomenal,1.0
phenomenally,1.0
picturesque,1.0
piety,1.0
pinnacle,1.0
playful,1.0
playfully,1.0
pleasant,1.0
pleasantly,1.0
pleased,1.0
pleases,1.0
pleasing,1.0
pleasingly,1.0
pleasurable,1.0
pleasurably,1.0
pleasure,1.0
plentiful,1.0
pluses,1.0
plush,1.0
plusses,1.0
poetic,1.0
poeticize,1.0
poignant,1.0
poise,1.0
poised,1.0
polished,1.0
polite,1.0
politeness,1.0
popular,1.0
portable,1.0
posh,1.0
positive,1.0
positively,1.0
positives,1.0
powerful,1.0
powerfully,1.0
praise,1.0
praiseworthy,1.0
praising,1.0
pre-eminent,1.0
precious,1.0
precise,1.0
precisely,1.0
preeminent,1.0
prefer,1.0
preferable,1.0
preferably,1.0
prefered,1.0
preferes,1.0
preferring,1.0
prefers,1.0
premier,1.0
prestige,1.0
prestigious,1.0
prettily,1.0
pretty,1.0
priceless,1.0
pride,1.0
principled,1.0
privilege,1.0
privileged,1.0
prize,1.0
proactive,1.0
problem-free,1.0
problem-solver,1.0
prodigious,1.0
prodigiously,1.0
prodigy,1.0
productive,1.0
productively,1.0
proficient,1.0
proficiently,1.0
profound,1.0
profoundly,1.0
profuse,1.0
profusion,1.0
progress,1.0
progressive,1.0
prolific,1.0
prominence,1.0
prominent,1.0
promise,1.0
promised,1.0
promises,1.0
promising,1.0
promoter,1.0
prompt,1.0
promptly,1.0
proper,1.0
properly,1.0
propitious,1.0
propitiously,1.0
pros,1.0
prosper,1.0
prosperity,1.0
prosperous,1.0
prospros,1.0
protect,1.0
protection,1.0
protective,1.0
proud,1.0
proven,1.0
proves,1.0
providence,1.0
proving,1.0
prowess,1.0
prudence,1.0
prudent,1.0
prudently,1.0
punctual,1.0
pure,1.0
purify,1.0
purposeful,1.0
quaint,1.0
qualified,1.0
qualify,1.0
quicker,1.0
quiet,1.0
quieter,1.0
radiance,1.0
radiant,1.0
rapid,1.0
rapport,1.0
rapt,1.0
rapture,1.0
raptureous,1.0
raptureously,1.0
rapturous,1.0
rapturously,1.0
rational,1.0
razor-sharp,1.0
reachable,1.0
readable,1.0
readily,1.0
ready,1.0
reaffirm,1.0
reaffirmation,1.0
realistic,1.0
realizable,1.0
reasonable,1.0
reasonably,1.0
reasoned,1.0
reassurance,1.0
reassure,1.0
receptive,1.0
reclaim,1.0
recomend,1.0
recommend,1.0
recommendation,1.0
recommendations,1.0
recommended,1.0
reconcile,1.0
reconciliation,1.0
record-setting,1.0
recover,1.0
recovery,1.0
rectification,1.0
rectify,1.0
rectifying,1.0
redeem,1.0
redeeming,1.0
redemption,1.0
refine,1.0
refined,1.0
refinement,1.0
reform,1.0
reformed,1.0
reforming,1.0
reforms,1.0
refresh,1.0
refreshed,1.0
refreshing,1.0
refund,1.0
refunded,1.0
regal,1.0
regally,1.0
regard,1.0
rejoice,1.0
rejoicing,1.0
rejoicingly,1.0
rejuvenate,1.0
rejuvenated,1.0
rejuvenating,1.0
relaxed,1.0
relent,1.0
reliable,1.0
reliably,1.0
relief,1.0
relish,1.0
remarkable,1.0
remarkably,1.0
remedy,1.0
remission,1.0
remunerate,1.0
renaissance,1.0
renewed,1.0
renown,1.0
renowned,1.0
replaceable,1.0
reputable,1.0
reputation,1.0
resilient,1.0
resolute,1.0
resound,1.0
resounding,1.0
resourceful,1.0
resourcefulness,1.0
respect,1.0
respectable,1.0
respectful,1.0
respectfully,1.0
respite,1.0
resplendent,1.0
responsibly,1.0
responsive,1.0
restful,1.0
restored,1.0
restructure,1.0
restructured,1.0
restructuring,1.0
retractable,1.0
revel,1.0
revelation,1.0
revere,1.0
reverence,1.0
reverent,1.0
reverently,1.0
revitalize,1.0
revival,1.0
revive,1.0
revives,1.0
revolutionary,1.0
revolutionize,1.0
revolutionized,1.0
revolutionizes,1.0
reward,1.0
rewarding,1.0
rewardingly,1.0
rich,1.0
richer,1.0
richly,1.0
richness,1.0
right,1.0
righten,1.0
righteous,1.0
righteously,1.0
righteousness,1.0
rightful,1.0
rightfully,1.0
rightly,1.0
rightness,1.0
risk-free,1.0
robust,1.0
rock-star,1.0
rock-stars,1.0
rockstar,1.0
rockstars,1.0
romantic,1.0
romantically,1.0
romanticize,1.0
roomier,1.0
roomy,1.0
rosy,1.0
safe,1.0
safely,1.0
sagacity,1.0
sagely,1.0
saint,1.0
saintliness,1.0
saintly,1.0
salutary,1.0
salute,1.0
sane,1.0
satisfactorily,1.0
satisfactory,1.0
satisfied,1.0
satisfies,1.0
satisfy,1.0
satisfying,1.0
satisified,1.0
saver,1.0
savings,1.0
savior,1.0
savvy,1.0
scenic,1.0
seamless,1.0
seasoned,1.0
secure,1.0
securely,1.0
selective,1.0
self-determination,1.0
self-respect,1.0
self-satisfaction,1.0
self-sufficiency,1.0
self-sufficient,1.0
sensation,1.0
sensational,1.0
sensationally,1.0
sensations,1.0
sensible,1.0
sensibly,1.0
sensitive,1.0
serene,1.0
serenity,1.0
sexy,1.0
sharp,1.0
sharper,1.0
sharpest,1.0
shimmering,1.0
shimmeringly,1.0
shine,1.0
shiny,1.0
significant,1.0
silent,1.0
simpler,1.0
simplest,1.0
simplified,1.0
simplifies,1.0
simplify,1.0
simplifying,1.0
sincere,1.0
sincerely,1.0
sincerity,1.0
skill,1.0
skilled,1.0
skillful,1.0
skillfully,1.0
slammin,1.0
sleek,1.0
slick,1.0
smart,1.0
smarter,1.0
smartest,1.0
smartly,1.0
smile,1.0
smiles,1.0
smiling,1.0
smilingly,1.0
smitten,1.0
smooth,1.0
smoother,1.0
smoothes,1.0
smoothest,1.0
smoothly,1.0
snappy,1.0
snazzy,1.0
sociable,1.0
soft,1.0
softer,1.0
solace,1.0
solicitous,1.0
solicitously,1.0
solid,1.0
solidarity,1.0
soothe,1.0
soothingly,1.0
sophisticated,1.0
soulful,1.0
soundly,1.0
soundness,1.0
spacious,1.0
sparkle,1.0
sparkling,1.0
spectacular,1.0
spectacularly,1.0
speedily,1.0
speedy,1.0
spellbind,1.0
spellbinding,1.0
spellbindingly,1.0
spellbound,1.0
spirited,1.0
spiritual,1.0
splendid,1.0
splendidly,1.0
splendor,1.0
spontaneous,1.0
sporty,1.0
spotless,1.0
sprightly,1.0
stability,1.0
stabilize,1.0
stable,1.0
stainless,1.0
standout,1.0
state-of-the-art,1.0
stately,1.0
statuesque,1.0
staunch,1.0
staunchly,1.0
staunchness,1.0
steadfast,1.0
steadfastly,1.0
steadfastness,1.0
steadiest,1.0
steadiness,1.0
steady,1.0
stellar,1.0
stellarly,1.0
stimulate,1.0
stimulates,1.0
stimulating,1.0
stimulative,1.0
stirringly,1.0
straighten,1.0
straightforward,1.0
streamlined,1.0
striking,1.0
strikingly,1.0
striving,1.0
strong,1.0
stronger,1.0
strongest,1.0
stunned,1.0
stunning,1.0
stunningly,1.0
stupendous,1.0
stupendously,1.0
sturdier,1.0
sturdy,1.0
stylish,1.0
stylishly,1.0
stylized,1.0
suave,1.0
suavely,1.0
sublime,1.0
subsidize,1.0
subsidized,1.0
subsidizes,1.0
subsidizing,1.0
substantive,1.0
succeed,1.0
succeeded,1.0
succeeding,1.0
succeeds,1.0
succes,1.0
success,1.0
successes,1.0
successful,1.0
successfully,1.0
suffice,1.0
sufficed,1.0
suffices,1.0
sufficient,1.0
sufficiently,1.0
suitable,1.0
sumptuous,1.0
sumptuously,1.0
sumptuousness,1.0
super,1.0
superb,1.0
superbly,1.0
superior,1.0
superiority,1.0
supple,1.0
support,1.0
supported,1.0
supporter,1.0
supporting,1.0
supportive,1.0
supports,1.0
supremacy,1.0
supreme,1.0
supremely,1.0
supurb,1.0
supurbly,1.0
surmount,1.0
surpass,1.0
surreal,1.0
survival,1.0
survivor,1.0
sustainability,1.0
sustainable,1.0
swank,1.0
swankier,1.0
swankiest,1.0
swanky,1.0
sweeping,1.0
sweet,1.0
sweeten,1.0
sweetheart,1.0
sweetly,1.0
sweetness,1.0
swift,1.0
swiftness,1.0
talent,1.0
talented,1.0
talents,1.0
tantalize,1.0
tantalizing,1.0
tantalizingly,1.0
tempt,1.0
tempting,1.0
temptingly,1.0
tenacious,1.0
tenaciously,1.0
tenacity,1.0
tender,1.0
tenderly,1.0
terrific,1.0
terrifically,1.0
thank,1.0
thankful,1.0
thinner,1.0
thoughtful,1.0
thoughtfully,1.0
thoughtfulness,1.0
thrift,1.0
thrifty,1.0
thrill,1.0
thrilled,1.0
thrilling,1.0
thrillingly,1.0
thrills,1.0
thrive,1.0
thriving,1.0
thumb-up,1.0
thumbs-up,1.0
tickle,1.0
tidy,1.0
time-honored,1.0
timely,1.0
tingle,1.0
titillate,1.0
titillating,1.0
titillatingly,1.0
togetherness,1.0
tolerable,1.0
toll-free,1.0
top,1.0
top-notch,1.0
top-quality,1.0
topnotch,1.0
tops,1.0
tough,1.0
tougher,1.0
toughest,1.0
traction,1.0
tranquil,1.0
tranquility,1.0
transparent,1.0
treasure,1.0
tremendously,1.0
trendy,1.0
triumph,1.0
triumphal,1.0
triumphant,1.0
triumphantly,1.0
trivially,1.0
trophy,1.0
trouble-free,1.0
trump,1.0
trumpet,1.0
trust,1.0
trusted,1.0
trusting,1.0
trustingly,1.0
trustworthiness,1.0
trustworthy,1.0
trusty,1.0
truthful,1.0
truthfully,1.0
truthfulness,1.0
twinkly,1.0
ultra-crisp,1.0
unabashed,1.0
unabashedly,1.0
unaffected,1.0
unassailable,1.0
unbeatable,1.0
unbiased,1.0
unbound,1.0
uncomplicated,1.0
unconditional,1.0
undamaged,1.0
undaunted,1.0
understandable,1.0
undisputable,1.0
undisputably,1.0
undisputed,1.0
unencumbered,1.0
unequivocal,1.0
unequivocally,1.0
unfazed,1.0
unfettered,1.0
unforgettable,1.0
unity,1.0
unlimited,1.0
unmatched,1.0
unparalleled,1.0
unquestionable,1.0
unquestionably,1.0
unreal,1.0
unrestricted,1.0
unrivaled,1.0
unselfish,1.0
unwavering,1.0
upbeat,1.0
upgradable,1.0
upgradeable,1.0
upgraded,1.0
upheld,1.0
uphold,1.0
uplift,1.0
uplifting,1.0
upliftingly,1.0
upliftment,1.0
upscale,1.0
usable,1.0
useable,1.0
useful,1.0
user-friendly,1.0
user-replaceable,1.0
valiant,1.0
valiantly,1.0
valor,1.0
valuable,1.0
variety,1.0
venerate,1.0
verifiable,1.0
veritable,1.0
versatile,1.0
versatility,1.0
vibrant,1.0
vibrantly,1.0
victorious,1.0
victory,1.0
viewable,1.0
vigilance,1.0
vigilant,1.0
virtue,1.0
virtuous,1.0
virtuously,1.0
visionary,1.0
vivacious,1.0
vivid,1.0
vouch,1.0
vouchsafe,1.0
warm,1.0
warmer,1.0
warmhearted,1.0
warmly,1.0
warmth,1.0
wealthy,1.0
welcome,1.0
well,1.0
well-backlit,1.0
well-balanced,1.0
well-behaved,1.0
well-being,1.0
well-bred,1.0
well-connected,1.0
well-educated,1.0
well-established,1.0
well-informed,1.0
well-intentioned,1.0
well-known,1.0
well-made,1.0
well-managed,1.0
well-mannered,1.0
well-positioned,1.0
well-received,1.0
well-regarded,1.0
well-rounded,1.0
well-run,1.0
well-wishers,1.0
wellbeing,1.0
whoa,1.0
wholeheartedly,1.0
wholesome,1.0
whooa,1.0
whoooa,1.0
wieldy,1.0
willing,1.0
willingly,1.0
willingness,1.0
win,1.0
windfall,1.0
winnable,1.0
winner,1.0
winners,1.0
winning,1.0
wins,1.0
wisdom,1.0
wise,1.0
wisely,1.0
witty,1.0
won,1.0
wonder,1.0
wonderful,1.0
wonderfully,1.0
wonderous,1.0
wonderously,1.0
wonders,1.0
wondrous,1.0
woo,1.0
work,1.0
workable,1.0
worked,1.0
works,1.0
world-famous,1.0
worth,1.0
worth-while,1.0
worthiness,1.0
worthwhile,1.0
worthy,1.0
wow,1.0
wowed,1.0
wowing,1.0
wows,1.0
yay,1.0
youthful,1.0
zeal,1.0
zenith,1.0
zest,1.0
zippy,1.0
2-faced,-1.0
2-faces,-1.0
abnormal,-1.0
abolish,-1.0
abominable,-1.0
abominably,-1.0
abominate,-1.0
abomination,-1.0
abort,-1.0
aborted,-1.0
aborts,-1.0
abrade,-1.0
abrasive,-1.0
abrupt,-1.0
abruptly,-1.0
abscond,-1.0
absence,-1.0
absent-minded,-1.0
absentee,-1.0
absurd,-1.0
absurdity,-1.0
absurdly,-1.0
absurdness,-1.0
abuse,-1.0
abused,-1.0
abuses,-1.0
abusive,-1.0
abysmal,-1.0
abysmally,-1.0
abyss,-1.0
accidental,-1.0
accost,-1.0
accursed,-1.0
accusation,-1.0
accusations,-1.0
accuse,-1.0
accuses,-1.0
accusing,-1.0
accusingly,-1.0
acerbate,-1.0
acerbic,-1.0
acerbically,-1.0
ache,-1.0
ached,-1.0
aches,-1.0
achey,-1.0
aching,-1.0
acrid,-1.0
acridly,-1.0
acridness,-1.0
acrimonious,-1.0
acrimoniously,-1.0
acrimony,-1.0
adamant,-1.0
adamantly,-1.0
addict,-1.0
addicted,-1.0
addicting,-1.0
addicts,-1.0
admonish,-1.0
admonisher,-1.0
admonishingly,-1.0
admonishment,-1.0
admonition,-1.0
adulterate,-1.0
adulterated,-1.0
adulteration,-1.0
adulterier,-1.0
adversarial,-1.0
adversary,-1.0
adverse,-1.0
adversity,-1.0
afflict,-1.0
affliction,-1.0
afflictive,-1.0
affront,-1.0
afraid,-1.0
aggravate,-1.0
aggravating,-1.0
aggravation,-1.0
aggression,-1.0
aggressive,-1.0
aggressiveness,-1.0
aggressor,-1.0
aggrieve,-1.0
aggrieved,-1.0
aggrivation,-1.0
aghast,-1.0
agonies,-1.0
agonize,-1.0
agonizing,-1.0
agonizingly,-1.0
agony,-1.0
aground,-1.0
ail,-1.0
ailing,-1.0
ailment,-1.0
aimless,-1.0
alarm,-1.0
alarmed,-1.0
alarming,-1.0
alarmingly,-1.0
alienate,-1.0
alienated,-1.0
alienation,-1.0
allegation,-1.0
allegations,-1.0
allege,-1.0
allergic,-1.0
allergies,-1.0
allergy,-1.0
aloof,-1.0
altercation,-1.0
ambiguity,-1.0
ambiguous,-1.0
ambivalence,-1.0
ambivalent,-1.0
ambush,-1.0
amiss,-1.0
amputate,-1.0
anarchism,-1.0
anarchist,-1.0
anarchistic,-1.0
anarchy,-1.0
anemic,-1.0
anger,-1.0
angrily,-1.0
angriness,-1.0
angry,-1.0
anguish,-1.0
animosity,-1.0
annihilate,-1.0
annihilation,-1.0
annoy,-1.0
annoyance,-1.0
annoyances,-1.0
annoyed,-1.0
annoying,-1.0
annoyingly,-1.0
annoys,-1.0
anomalous,-1.0
anomaly,-1.0
antagonism,-1.0
antagonist,-1.0
antagonistic,-1.0
antagonize,-1.0
anti-,-1.0
anti-american,-1.0
anti-israeli,-1.0
anti-occupation,-1.0
anti-proliferation,-1.0
anti-semites,-1.0
anti-social,-1.0
anti-us,-1.0
anti-white,-1.0
antipathy,-1.0
antiquated,-1.0
antithetical,-1.0
anxieties,-1.0
anxiety,-1.0
anxious,-1.0
anxiously,-1.0
anxiousness,-1.0
apathetic,-1.0
apathetically,-1.0
apathy,-1.0
apocalypse,-1.0
apocalyptic,-1.0
apologist,-1.0
apologists,-1.0
appal,-1.0
appall,-1.0
appalled,-1.0
appalling,-1.0
appallingly,-1.0
apprehension,-1.0
apprehensions,-1.0
apprehensive,-1.0
apprehensively,-1.0
arbitrary,-1.0
arcane,-1.0
archaic,-1.0
arduous,-1.0
arduously,-1.0
argumentative,-1.0
arrogance,-1.0
arrogant,-1.0
arrogantly,-1.0
ashamed,-1.0
asinine,-1.0
asininely,-1.0
asinininity,-1.0
askance,-1.0
asperse,-1.0
aspersion,-1.0
aspersions,-1.0
assail,-1.0
assassin,-1.0
assassinate,-1.0
assault,-1.0
assult,-1.0
astray,-1.0
asunder,-1.0
atrocious,-1.0
atrocities,-1.0
atrocity,-1.0
atrophy,-1.0
attack,-1.0
attacks,-1.0
audacious,-1.0
audaciously,-1.0
audaciousness,-1.0
audacity,-1.0
audiciously,-1.0
austere,-1.0
authoritarian,-1.0
autocrat,-1.0
autocratic,-1.0
avalanche,-1.0
avarice,-1.0
avaricious,-1.0
avariciously,-1.0
avenge,-1.0
averse,-1.0
aversion,-1.0
aweful,-1.0
awful,-1.0
awfully,-1.0
awfulness,-1.0
awkward,-1.0
awkwardness,-1.0
ax,-1.0
babble,-1.0
back-logged,-1.0
back-wood,-1.0
back-woods,-1.0
backache,-1.0
backaches,-1.0
backaching,-1.0
backbite,-1.0
backbiting,-1.0
backward,-1.0
backwardness,-1.0
backwood,-1.0
backwoods,-1.0
bad,-1.0
badly,-1.0
baffle,-1.0
baffled,-1.0
bafflement,-1.0
baffling,-1.0
bait,-1.0
balk,-1.0
banal,-1.0
banalize,-1.0
bane,-1.0
banish,-1.0
banishment,-1.0
bankrupt,-1.0
barbarian,-1.0
barbaric,-1.0
barbarically,-1.0
barbarity,-1.0
barbarous,-1.0
barbarously,-1.0
barren,-1.0
baseless,-1.0
bash,-1.0
bashed,-1.0
bashful,-1.0
bashing,-1.0
bastard,-1.0
bastards,-1.0
battered,-1.0
battering,-1.0
batty,-1.0
bearish,-1.0
beastly,-1.0
bedlam,-1.0
bedlamite,-1.0
befoul,-1.0
beg,-1.0
beggar,-1.0
beggarly,-1.0
begging,-1.0
beguile,-1.0
belabor,-1.0
belated,-1.0
beleaguer,-1.0
belie,-1.0
belittle,-1.0
belittled,-1.0
belittling,-1.0
bellicose,-1.0
belligerence,-1.0
belligerent,-1.0
belligerently,-1.0
bemoan,-1.0
bemoaning,-1.0
bemused,-1.0
bent,-1.0
berate,-1.0
bereave,-1.0
bereavement,-1.0
bereft,-1.0
berserk,-1.0
beseech,-1.0
beset,-1.0
besiege,-1.0
besmirch,-1.0
bestial,-1.0
betray,-1.0
betrayal,-1.0
betrayals,-1.0
betrayer,-1.0
betraying,-1.0
betrays,-1.0
bewail,-1.0
beware,-1.0
bewilder,-1.0
bewildered,-1.0
bewildering,-1.0
bewilderingly,-1.0
bewilderment,-1.0
bewitch,-1.0
bias,-1.0
biased,-1.0
biases,-1.0
bicker,-1.0
bickering,-1.0
bid-rigging,-1.0
bigotries,-1.0
bigotry,-1.0
bitch,-1.0
bitchy,-1.0
biting,-1.0
bitingly,-1.0
bitter,-1.0
bitterly,-1.0
bitterness,-1.0
bizarre,-1.0
blab,-1.0
blabber,-1.0
blackmail,-1.0
blah,-1.0
blame,-1.0
blameworthy,-1.0
bland,-1.0
blandish,-1.0
blaspheme,-1.0
blasphemous,-1.0
blasphemy,-1.0
blasted,-1.0
blatant,-1.0
blatantly,-1.0
blather,-1.0
bleak,-1.0
bleakly,-1.0
bleakness,-1.0
bleed,-1.0
bleeding,-1.0
bleeds,-1.0
blemish,-1.0
blind,-1.0
blinding,-1.0
blindingly,-1.0
blindside,-1.0
blister,-1.0
blistering,-1.0
bloated,-1.0
blockage,-1.0
blockhead,-1.0
bloodshed,-1.0
bloodthirsty,-1.0
bloody,-1.0
blotchy,-1.0
blow,-1.0
blunder,-1.0
blundering,-1.0
blunders,-1.0
blunt,-1.0
blur,-1.0
bluring,-1.0
blurred,-1.0
blurring,-1.0
blurry,-1.0
blurs,-1.0
blurt,-1.0
boastful,-1.0
boggle,-1.0
bogus,-1.0
boil,-1.0
boiling,-1.0
boisterous,-1.0
bomb,-1.0
bombard,-1.0
bombardment,-1.0
bombastic,-1.0
bondage,-1.0
bonkers,-1.0
bore,-1.0
bored,-1.0
boredom,-1.0
bores,-1.0
boring,-1.0
botch,-1.0
bother,-1.0
bothered,-1.0
bothering,-1.0
bothers,-1.0
bothersome,-1.0
bowdlerize,-1.0
boycott,-1.0
braggart,-1.0
bragger,-1.0
brainless,-1.0
brainwash,-1.0
brash,-1.0
brashly,-1.0
brashness,-1.0
brat,-1.0
bravado,-1.0
brazen,-1.0
brazenly,-1.0
brazenness,-1.0
breach,-1.0
break,-1.0
break-up,-1.0
break-ups,-1.0
breakdown,-1.0
breaking,-1.0
breaks,-1.0
breakup,-1.0
breakups,-1.0
bribery,-1.0
brimstone,-1.0
bristle,-1.0
brittle,-1.0
broke,-1.0
broken,-1.0
broken-hearted,-1.0
brood,-1.0
browbeat,-1.0
bruise,-1.0
bruised,-1.0
bruises,-1.0
bruising,-1.0
brusque,-1.0
brutal,-1.0
brutalising,-1.0
brutalities,-1.0
brutality,-1.0
brutalize,-1.0
brutalizing,-1.0
brutally,-1.0
brute,-1.0
brutish,-1.0
bs,-1.0
buckle,-1.0
bug,-1.0
bugging,-1.0
buggy,-1.0
bugs,-1.0
bulkier,-1.0
bulkiness,-1.0
bulky,-1.0
bulkyness,-1.0
bull****,-1.0
bull----,-1.0
bullies,-1.0
bullshit,-1.0
bullshyt,-1.0
bully,-1.0
bullying,-1.0
bullyingly,-1.0
bum,-1.0
bump,-1.0
bumped,-1.0
bumping,-1.0
bumpping,-1.0
bumps,-1.0
bumpy,-1.0
bungle,-1.0
bungler,-1.0
bungling,-1.0
bunk,-1.0
burden,-1.0
burdensome,-1.0
burdensomely,-1.0
burn,-1.0
burned,-1.0
burning,-1.0
burns,-1.0
bust,-1.0
busts,-1.0
busybody,-1.0
butcher,-1.0
butchery,-1.0
buzzing,-1.0
byzantine,-1.0
cackle,-1.0
calamities,-1.0
calamitous,-1.0
calamitously,-1.0
calamity,-1.0
callous,-1.0
calumniate,-1.0
calumniation,-1.0
calumnies,-1.0
calumnious,-1.0
calumniously,-1.0
calumny,-1.0
cancer,-1.0
cancerous,-1.0
cannibal,-1.0
cannibalize,-1.0
capitulate,-1.0
capricious,-1.0
capriciously,-1.0
capriciousness,-1.0
capsize,-1.0
careless,-1.0
carelessness,-1.0
caricature,-1.0
carnage,-1.0
carp,-1.0
cartoonish,-1.0
cash-strapped,-1.0
castigate,-1.0
castrated,-1.0
casualty,-1.0
cataclysm,-1.0
cataclysmal,-1.0
cataclysmic,-1.0
cataclysmically,-1.0
catastrophe,-1.0
catastrophes,-1.0
catastrophic,-1.0
catastrophically,-1.0
catastrophies,-1.0
caustic,-1.0
caustically,-1.0
cautionary,-1.0
cave,-1.0
censure,-1.0
chafe,-1.0
chaff,-1.0
chagrin,-1.0
challenging,-1.0
chaos,-1.0
chaotic,-1.0
chasten,-1.0
chastise,-1.0
chastisement,-1.0
chatter,-1.0
chatterbox,-1.0
cheap,-1.0
cheapen,-1.0
cheaply,-1.0
cheat,-1.0
cheated,-1.0
cheater,-1.0
cheating,-1.0
cheats,-1.0
checkered,-1.0
cheerless,-1.0
cheesy,-1.0
chide,-1.0
childish,-1.0
chill,-1.0
chilly,-1.0
chintzy,-1.0
choke,-1.0
choleric,-1.0
choppy,-1.0
chore,-1.0
chronic,-1.0
chunky,-1.0
clamor,-1.0
clamorous,-1.0
clash,-1.0
cliche,-1.0
cliched,-1.0
clique,-1.0
clog,-1.0
clogged,-1.0
clogs,-1.0
cloud,-1.0
clouding,-1.0
cloudy,-1.0
clueless,-1.0
clumsy,-1.0
clunky,-1.0
coarse,-1.0
cocky,-1.0
coerce,-1.0
coercion,-1.0
coercive,-1.0
cold,-1.0
coldly,-1.0
collapse,-1.0
collude,-1.0
collusion,-1.0
combative,-1.0
combust,-1.0
comical,-1.0
commiserate,-1.0
commonplace,-1.0
commotion,-1.0
commotions,-1.0
complacent,-1.0
complain,-1.0
complained,-1.0
complaining,-1.0
complains,-1.0
complaint,-1.0
complaints,-1.0
complex,-1.0
complicated,-1.0
complication,-1.0
complicit,-1.0
compulsion,-1.0
compulsive,-1.0
concede,-1.0
conceded,-1.0
conceit,-1.0
conceited,-1.0
concen,-1.0
concens,-1.0
concern,-1.0
concerned,-1.0
concerns,-1.0
concession,-1.0
concessions,-1.0
condemn,-1.0
condemnable,-1.0
condemnation,-1.0
condemned,-1.0
condemns,-1.0
condescend,-1.0
condescending,-1.0
condescendingly,-1.0
condescension,-1.0
confess,-1.0
confession,-1.0
confessions,-1.0
confined,-1.0
conflict,-1.0
conflicted,-1.0
conflicting,-1.0
conflicts,-1.0
confound,-1.0
confounded,-1.0
confounding,-1.0
confront,-1.0
confrontation,-1.0
confrontational,-1.0
confuse,-1.0
confused,-1.0
confuses,-1.0
confusing,-1.0
confusion,-1.0
confusions,-1.0
congested,-1.0
congestion,-1.0
cons,-1.0
conscons,-1.0
conservative,-1.0
conspicuous,-1.0
conspicuously,-1.0
conspiracies,-1.0
conspiracy,-1.0
conspirator,-1.0
conspiratorial,-1.0
conspire,-1.0
consternation,-1.0
contagious,-1.0
contaminate,-1.0
contaminated,-1.0
contaminates,-1.0
contaminating,-1.0
contamination,-1.0
contempt,-1.0
contemptible,-1.0
contemptuous,-1.0
contemptuously,-1.0
contend,-1.0
contention,-1.0
contentious,-1.0
contort,-1.0
contortions,-1.0
contradict,-1.0
contradiction,-1.0
contradictory,-1.0
contrariness,-1.0
contravene,-1.0
contrive,-1.0
contrived,-1.0
controversial,-1.0
controversy,-1.0
convoluted,-1.0
corrode,-1.0
corrosion,-1.0
corrosions,-1.0
corrosive,-1.0
corrupt,-1.0
corrupted,-1.0
corrupting,-1.0
corruption,-1.0
corrupts,-1.0
corruptted,-1.0
costlier,-1.0
costly,-1.0
counter-productive,-1.0
counterproductive,-1.0
coupists,-1.0
covetous,-1.0
coward,-1.0
cowardly,-1.0
crabby,-1.0
crack,-1.0
cracked,-1.0
cracks,-1.0
craftily,-1.0
craftly,-1.0
crafty,-1.0
cramp,-1.0
cramped,-1.0
cramping,-1.0
cranky,-1.0
crap,-1.0
crappy,-1.0
craps,-1.0
crash,-1.0
crashed,-1.0
crashes,-1.0
crashing,-1.0
crass,-1.0
craven,-1.0
cravenly,-1.0
craze,-1.0
crazily,-1.0
craziness,-1.0
crazy,-1.0
creak,-1.0
creaking,-1.0
creaks,-1.0
credulous,-1.0
creep,-1.0
creeping,-1.0
creeps,-1.0
creepy,-1.0
crept,-1.0
crime,-1.0
criminal,-1.0
cringe,-1.0
cringed,-1.0
cringes,-1.0
cripple,-1.0
crippled,-1.0
cripples,-1.0
crippling,-1.0
crisis,-1.0
critic,-1.0
critical,-1.0
criticism,-1.0
criticisms,-1.0
criticize,-1.0
criticized,-1.0
criticizing,-1.0
critics,-1.0
cronyism,-1.0
crook,-1.0
crooked,-1.0
crooks,-1.0
crowded,-1.0
crowdedness,-1.0
crude,-1.0
cruel,-1.0
crueler,-1.0
cruelest,-1.0
cruelly,-1.0
cruelness,-1.0
cruelties,-1.0
cruelty,-1.0
crumble,-1.0
crumbling,-1.0
crummy,-1.0
crumple,-1.0
crumpled,-1.0
crumples,-1.0
crush,-1.0
crushed,-1.0
crushing,-1.0
cry,-1.0
culpable,-1.0
culprit,-1.0
cumbersome,-1.0
cunt,-1.0
cunts,-1.0
cuplrit,-1.0
curse,-1.0
cursed,-1.0
curses,-1.0
curt,-1.0
cuss,-1.0
cussed,-1.0
cutthroat,-1.0
cynical,-1.0
cynicism,-1.0
d*mn,-1.0
damage,-1.0
damaged,-1.0
damages,-1.0
damaging,-1.0
damn,-1.0
damnable,-1.0
damnably,-1.0
damnation,-1.0
damned,-1.0
damning,-1.0
damper,-1.0
danger,-1.0
dangerous,-1.0
dangerousness,-1.0
dark,-1.0
darken,-1.0
darkened,-1.0
darker,-1.0
darkness,-1.0
dastard,-1.0
dastardly,-1.0
daunt,-1.0
daunting,-1.0
dauntingly,-1.0
dawdle,-1.0
daze,-1.0
dazed,-1.0
dead,-1.0
deadbeat,-1.0
deadlock,-1.0
deadly,-1.0
deadweight,-1.0
deaf,-1.0
dearth,-1.0
death,-1.0
debacle,-1.0
debase,-1.0
debasement,-1.0
debaser,-1.0
debatable,-1.0
debauch,-1.0
debaucher,-1.0
debauchery,-1.0
debilitate,-1.0
debilitating,-1.0
debility,-1.0
debt,-1.0
debts,-1.0
decadence,-1.0
decadent,-1.0
decay,-1.0
decayed,-1.0
deceit,-1.0
deceitful,-1.0
deceitfully,-1.0
deceitfulness,-1.0
deceive,-1.0
deceiver,-1.0
deceivers,-1.0
deceiving,-1.0
deception,-1.0
deceptive,-1.0
deceptively,-1.0
declaim,-1.0
decline,-1.0
declines,-1.0
declining,-1.0
decrement,-1.0
decrepit,-1.0
decrepitude,-1.0
decry,-1.0
defamation,-1.0
defamations,-1.0
defamatory,-1.0
defame,-1.0
defect,-1.0
defective,-1.0
defects,-1.0
defensive,-1.0
defiance,-1.0
defiant,-1.0
defiantly,-1.0
deficiencies,-1.0
deficiency,-1.0
deficient,-1.0
defile,-1.0
defiler,-1.0
deform,-1.0
deformed,-1.0
defrauding,-1.0
defunct,-1.0
defy,-1.0
degenerate,-1.0
degenerately,-1.0
degeneration,-1.0
degradation,-1.0
degrade,-1.0
degrading,-1.0
degradingly,-1.0
dehumanization,-1.0
dehumanize,-1.0
deign,-1.0
deject,-1.0
dejected,-1.0
dejectedly,-1.0
dejection,-1.0
delay,-1.0
delayed,-1.0
delaying,-1.0
delays,-1.0
delinquency,-1.0
delinquent,-1.0
delirious,-1.0
delirium,-1.0
delude,-1.0
deluded,-1.0
deluge,-1.0
delusion,-1.0
delusional,-1.0
delusions,-1.0
demean,-1.0
demeaning,-1.0
demise,-1.0
demolish,-1.0
demolisher,-1.0
demon,-1.0
demonic,-1.0
demonize,-1.0
demonized,-1.0
demonizes,-1.0
demonizing,-1.0
demoralize,-1.0
demoralizing,-1.0
demoralizingly,-1.0
denial,-1.0
denied,-1.0
denies,-1.0
denigrate,-1.0
denounce,-1.0
dense,-1.0
dent,-1.0
dented,-1.0
dents,-1.0
denunciate,-1.0
denunciation,-1.0
denunciations,-1.0
deny,-1.0
denying,-1.0
deplete,-1.0
deplorable,-1.0
deplorably,-1.0
deplore,-1.0
deploring,-1.0
deploringly,-1.0
deprave,-1.0
depraved,-1.0
depravedly,-1.0
deprecate,-1.0
depress,-1.0
depressed,-1.0
depressing,-1.0
depressingly,-1.0
depression,-1.0
depressions,-1.0
deprive,-1.0
deprived,-1.0
deride,-1.0
derision,-1.0
derisive,-1.0
derisively,-1.0
derisiveness,-1.0
derogatory,-1.0
desecrate,-1.0
desert,-1.0
desertion,-1.0
desiccate,-1.0
desiccated,-1.0
desititute,-1.0
desolate,-1.0
desolately,-1.0
desolation,-1.0
despair,-1.0
despairing,-1.0
despairingly,-1.0
desperate,-1.0
desperately,-1.0
desperation,-1.0
despicable,-1.0
despicably,-1.0
despise,-1.0
despised,-1.0
despoil,-1.0
despoiler,-1.0
despondence,-1.0
despondency,-1.0
despondent,-1.0
despondently,-1.0
despot,-1.0
despotic,-1.0
despotism,-1.0
destabilisation,-1.0
destains,-1.0
destitute,-1.0
destitution,-1.0
destroy,-1.0
destroyer,-1.0
destruction,-1.0
destructive,-1.0
desultory,-1.0
deter,-1.0
deteriorate,-1.0
deteriorating,-1.0
deterioration,-1.0
deterrent,-1.0
detest,-1.0
detestable,-1.0
detestably,-1.0
detested,-1.0
detesting,-1.0
detests,-1.0
detract,-1.0
detracted,-1.0
detracting,-1.0
detraction,-1.0
detracts,-1.0
detriment,-1.0
detrimental,-1.0
devastate,-1.0
devastated,-1.0
devastates,-1.0
devastating,-1.0
devastatingly,-1.0
devastation,-1.0
deviate,-1.0
deviation,-1.0
devil,-1.0
devilish,-1.0
devilishly,-1.0
devilment,-1.0
devilry,-1.0
devious,-1.0
deviously,-1.0
deviousness,-1.0
devoid,-1.0
diabolic,-1.0
diabolical,-1.0
diabolically,-1.0
diametrically,-1.0
diappointed,-1.0
diatribe,-1.0
diatribes,-1.0
dick,-1.0
dictator,-1.0
dictatorial,-1.0
die,-1.0
die-hard,-1.0
died,-1.0
dies,-1.0
difficult,-1.0
difficulties,-1.0
difficulty,-1.0
diffidence,-1.0
dilapidated,-1.0
dilemma,-1.0
dilly-dally,-1.0
dim,-1.0
dimmer,-1.0
din,-1.0
ding,-1.0
dings,-1.0
dinky,-1.0
dire,-1.0
direly,-1.0
direness,-1.0
dirt,-1.0
dirtbag,-1.0
dirtbags,-1.0
dirts,-1.0
dirty,-1.0
disable,-1.0
disabled,-1.0
disaccord,-1.0
disadvantage,-1.0
disadvantaged,-1.0
disadvantageous,-1.0
disadvantages,-1.0
disaffect,-1.0
disaffected,-1.0
disaffirm,-1.0
disagree,-1.0
disagreeable,-1.0
disagreeably,-1.0
disagreed,-1.0
disagreeing,-1.0
disagreement,-1.0
disagrees,-1.0
disallow,-1.0
disapointed,-1.0
disapointing,-1.0
disapointment,-1.0
disappoint,-1.0
disappointed,-1.0
disappointing,-1.0
disappointingly,-1.0
disappointment,-1.0
disappointments,-1.0
disappoints,-1.0
disapprobation,-1.0
disapproval,-1.0
disapprove,-1.0
disapproving,-1.0
disarm,-1.0
disarray,-1.0
disaster,-1.0
disasterous,-1.0
disastrous,-1.0
disastrously,-1.0
disavow,-1.0
disavowal,-1.0
disbelief,-1.0
disbelieve,-1.0
disbeliever,-1.0
disclaim,-1.0
discombobulate,-1.0
discomfit,-1.0
discomfititure,-1.0
discomfort,-1.0
discompose,-1.0
disconcert,-1.0
disconcerted,-1.0
disconcerting,-1.0
disconcertingly,-1.0
disconsolate,-1.0
disconsolately,-1.0
disconsolation,-1.0
discontent,-1.0
discontented,-1.0
discontentedly,-1.0
discontinued,-1.0
discontinuity,-1.0
discontinuous,-1.0
discord,-1.0
discordance,-1.0
discordant,-1.0
discountenance,-1.0
discourage,-1.0
discouragement,-1.0
discouraging,-1.0
discouragingly,-1.0
discourteous,-1.0
discourteously,-1.0
discoutinous,-1.0
discredit,-1.0
discrepant,-1.0
discriminate,-1.0
discrimination,-1.0
discriminatory,-1.0
disdain,-1.0
disdained,-1.0
disdainful,-1.0
disdainfully,-1.0
disfavor,-1.0
disgrace,-1.0
disgraced,-1.0
disgraceful,-1.0
disgracefully,-1.0
disgruntle,-1.0
disgruntled,-1.0
disgust,-1.0
disgusted,-1.0
disgustedly,-1.0
disgustful,-1.0
disgustfully,-1.0
disgusting,-1.0
disgustingly,-1.0
dishearten,-1.0
disheartening,-1.0
dishearteningly,-1.0
dishonest,-1.0
dishonestly,-1.0
dishonesty,-1.0
dishonor,-1.0
dishonorable,-1.0
dishonorablely,-1.0
disillusion,-1.0
disillusioned,-1.0
disillusionment,-1.0
disillusions,-1.0
disinclination,-1.0
disinclined,-1.0
disingenuous,-1.0
disingenuously,-1.0
disintegrate,-1.0
disintegrated,-1.0
disintegrates,-1.0
disintegration,-1.0
disinterest,-1.0
disinterested,-1.0
dislike,-1.0
disliked,-1.0
dislikes,-1.0
disliking,-1.0
dislocated,-1.0
disloyal,-1.0
disloyalty,-1.0
dismal,-1.0
dismally,-1.0
dismalness,-1.0
dismay,-1.0
dismayed,-1.0
dismaying,-1.0
dismayingly,-1.0
dismissive,-1.0
dismissively,-1.0
disobedience,-1.0
disobedient,-1.0
disobey,-1.0
disoobedient,-1.0
disorder,-1.0
disordered,-1.0
disorderly,-1.0
disorganized,-1.0
disorient,-1.0
disoriented,-1.0
disown,-1.0
disparage,-1.0
disparaging,-1.0
disparagingly,-1.0
dispensable,-1.0
dispirit,-1.0
dispirited,-1.0
dispiritedly,-1.0
dispiriting,-1.0
displace,-1.0
displaced,-1.0
displease,-1.0
displeased,-1.0
displeasing,-1.0
displeasure,-1.0
disproportionate,-1.0
disprove,-1.0
disputable,-1.0
dispute,-1.0
disputed,-1.0
disquiet,-1.0
disquieting,-1.0
disquietingly,-1.0
disquietude,-1.0
disregard,-1.0
disregardful,-1.0
disreputable,-1.0
disrepute,-1.0
disrespect,-1.0
disrespectable,-1.0
disrespectablity,-1.0
disrespectful,-1.0
disrespectfully,-1.0
disrespectfulness,-1.0
disrespecting,-1.0
disrupt,-1.0
disruption,-1.0
disruptive,-1.0
diss,-1.0
dissapointed,-1.0
dissappointed,-1.0
dissappointing,-1.0
dissatisfaction,-1.0
dissatisfactory,-1.0
dissatisfied,-1.0
dissatisfies,-1.0
dissatisfy,-1.0
dissatisfying,-1.0
dissed,-1.0
dissemble,-1.0
dissembler,-1.0
dissension,-1.0
dissent,-1.0
dissenter,-1.0
dissention,-1.0
disservice,-1.0
disses,-1.0
dissidence,-1.0
dissident,-1.0
dissidents,-1.0
dissing,-1.0
dissocial,-1.0
dissolute,-1.0
dissolution,-1.0
dissonance,-1.0
dissonant,-1.0
dissonantly,-1.0
dissuade,-1.0
dissuasive,-1.0
distains,-1.0
distaste,-1.0
distasteful,-1.0
distastefully,-1.0
distort,-1.0
distorted,-1.0
distortion,-1.0
distorts,-1.0
distract,-1.0
distracting,-1.0
distraction,-1.0
distraught,-1.0
distraughtly,-1.0
distraughtness,-1.0
distress,-1.0
distressed,-1.0
distressing,-1.0
distressingly,-1.0
distrust,-1.0
distrustful,-1.0
distrusting,-1.0
disturb,-1.0
disturbance,-1.0
disturbed,-1.0
disturbing,-1.0
disturbingly,-1.0
disunity,-1.0
disvalue,-1.0
divergent,-1.0
divisive,-1.0
divisively,-1.0
divisiveness,-1.0
dizzing,-1.0
dizzingly,-1.0
dizzy,-1.0
doddering,-1.0
dodgey,-1.0
dogged,-1.0
doggedly,-1.0
dogmatic,-1.0
doldrums,-1.0
domineer,-1.0
domineering,-1.0
donside,-1.0
doom,-1.0
doomed,-1.0
doomsday,-1.0
dope,-1.0
doubt,-1.0
doubtful,-1.0
doubtfully,-1.0
doubts,-1.0
douchbag,-1.0
douchebag,-1.0
douchebags,-1.0
downbeat,-1.0
downcast,-1.0
downer,-1.0
downfall,-1.0
downfallen,-1.0
downgrade,-1.0
downhearted,-1.0
downheartedly,-1.0
downhill,-1.0
downside,-1.0
downsides,-1.0
downturn,-1.0
downturns,-1.0
drab,-1.0
draconian,-1.0
draconic,-1.0
drag,-1.0
dragged,-1.0
dragging,-1.0
dragoon,-1.0
drags,-1.0
drain,-1.0
drained,-1.0
draining,-1.0
drains,-1.0
drastic,-1.0
drastically,-1.0
drawback,-1.0
drawbacks,-1.0
dread,-1.0
dreadful,-1.0
dreadfully,-1.0
dreadfulness,-1.0
dreary,-1.0
dripped,-1.0
dripping,-1.0
drippy,-1.0
drips,-1.0
drones,-1.0
droop,-1.0
droops,-1.0
drop-out,-1.0
drop-outs,-1.0
dropout,-1.0
dropouts,-1.0
drought,-1.0
drowning,-1.0
drunk,-1.0
drunkard,-1.0
drunken,-1.0
dubious,-1.0
dubiously,-1.0
dubitable,-1.0
dud,-1.0
dull,-1.0
dullard,-1.0
dumb,-1.0
dumbfound,-1.0
dump,-1.0
dumped,-1.0
dumping,-1.0
dumps,-1.0
dunce,-1.0
dungeon,-1.0
dungeons,-1.0
dupe,-1.0
dust,-1.0
dusty,-1.0
dwindling,-1.0
dying,-1.0
earsplitting,-1.0
eccentric,-1.0
eccentricity,-1.0
effigy,-1.0
effrontery,-1.0
egocentric,-1.0
egomania,-1.0
egotism,-1.0
egotistical,-1.0
egotistically,-1.0
egregious,-1.0
egregiously,-1.0
election-rigger,-1.0
elimination,-1.0
emaciated,-1.0
emasculate,-1.0
embarrass,-1.0
embarrassing,-1.0
embarrassingly,-1.0
embarrassment,-1.0
embattled,-1.0
embroil,-1.0
embroiled,-1.0
embroilment,-1.0
emergency,-1.0
emphatic,-1.0
emphatically,-1.0
emptiness,-1.0
encroach,-1.0
encroachment,-1.0
endanger,-1.0
enemies,-1.0
enemy,-1.0
enervate,-1.0
enfeeble,-1.0
enflame,-1.0
engulf,-1.0
enjoin,-1.0
enmity,-1.0
enrage,-1.0
enraged,-1.0
enraging,-1.0
enslave,-1.0
entangle,-1.0
entanglement,-1.0
entrap,-1.0
entrapment,-1.0
envious,-1.0
enviously,-1.0
enviousness,-1.0
epidemic,-1.0
equivocal,-1.0
erase,-1.0
erode,-1.0
erodes,-1.0
erosion,-1.0
err,-1.0
errant,-1.0
erratic,-1.0
erratically,-1.0
erroneous,-1.0
erroneously,-1.0
error,-1.0
errors,-1.0
eruptions,-1.0
escapade,-1.0
eschew,-1.0
estranged,-1.0
evade,-1.0
evasion,-1.0
evasive,-1.0
evil,-1.0
evildoer,-1.0
evils,-1.0
eviscerate,-1.0
exacerbate,-1.0
exagerate,-1.0
exagerated,-1.0
exagerates,-1.0
exaggerate,-1.0
exaggeration,-1.0
exasperate,-1.0
exasperated,-1.0
exasperating,-1.0
exasperatingly,-1.0
exasperation,-1.0
excessive,-1.0
excessively,-1.0
exclusion,-1.0
excoriate,-1.0
excruciating,-1.0
excruciatingly,-1.0
excuse,-1.0
excuses,-1.0
execrate,-1.0
exhaust,-1.0
exhausted,-1.0
exhaustion,-1.0
exhausts,-1.0
exhorbitant,-1.0
exhort,-1.0
exile,-1.0
exorbitant,-1.0
exorbitantance,-1.0
exorbitantly,-1.0
expel,-1.0
expensive,-1.0
expire,-1.0
expired,-1.0
explode,-1.0
exploit,-1.0
exploitation,-1.0
explosive,-1.0
expropriate,-1.0
expropriation,-1.0
expulse,-1.0
expunge,-1.0
exterminate,-1.0
extermination,-1.0
extinguish,-1.0
extort,-1.0
extortion,-1.0
extraneous,-1.0
extravagance,-1.0
extravagant,-1.0
extravagantly,-1.0
extremism,-1.0
extremist,-1.0
extremists,-1.0
eyesore,-1.0
f**k,-1.0
fabricate,-1.0
fabrication,-1.0
facetious,-1.0
facetiously,-1.0
fail,-1.0
failed,-1.0
failing,-1.0
fails,-1.0
failure,-1.0
failures,-1.0
faint,-1.0
fainthearted,-1.0
faithless,-1.0
fake,-1.0
fall,-1.0
fallacies,-1.0
fallacious,-1.0
fallaciously,-1.0
fallaciousness,-1.0
fallacy,-1.0
fallen,-1.0
falling,-1.0
fallout,-1.0
falls,-1.0
false,-1.0
falsehood,-1.0
falsely,-1.0
falsify,-1.0
falter,-1.0
faltered,-1.0
famine,-1.0
famished,-1.0
fanatic,-1.0
fanatical,-1.0
fanatically,-1.0
fanaticism,-1.0
fanatics,-1.0
fanciful,-1.0
far-fetched,-1.0
farce,-1.0
farcical,-1.0
farcical-yet-provocative,-1.0
farcically,-1.0
farfetched,-1.0
fascism,-1.0
fascist,-1.0
fastidious,-1.0
fastidiously,-1.0
fastuous,-1.0
fat,-1.0
fat-cat,-1.0
fat-cats,-1.0
fatal,-1.0
fatalistic,-1.0
fatalistically,-1.0
fatally,-1.0
fatcat,-1.0
fatcats,-1.0
fateful,-1.0
fatefully,-1.0
fathomless,-1.0
fatigue,-1.0
fatigued,-1.0
fatique,-1.0
fatty,-1.0
fatuity,-1.0
fatuous,-1.0
fatuously,-1.0
fault,-1.0
faults,-1.0
faulty,-1.0
fawningly,-1.0
faze,-1.0
fear,-1.0
fearful,-1.0
fearfully,-1.0
fears,-1.0
fearsome,-1.0
feckless,-1.0
feeble,-1.0
feeblely,-1.0
feebleminded,-1.0
feign,-1.0
feint,-1.0
fell,-1.0
felon,-1.0
felonious,-1.0
ferociously,-1.0
ferocity,-1.0
fetid,-1.0
fever,-1.0
feverish,-1.0
fevers,-1.0
fiasco,-1.0
fib,-1.0
fibber,-1.0
fickle,-1.0
fiction,-1.0
fictional,-1.0
fictitious,-1.0
fidget,-1.0
fidgety,-1.0
fiend,-1.0
fiendish,-1.0
fierce,-1.0
figurehead,-1.0
filth,-1.0
filthy,-1.0
finagle,-1.0
finicky,-1.0
fissures,-1.0
fist,-1.0
flabbergast,-1.0
flabbergasted,-1.0
flagging,-1.0
flagrant,-1.0
flagrantly,-1.0
flair,-1.0
flairs,-1.0
flak,-1.0
flake,-1.0
flakey,-1.0
flakieness,-1.0
flaking,-1.0
flaky,-1.0
flare,-1.0
flares,-1.0
flareup,-1.0
flareups,-1.0
flat-out,-1.0
flaunt,-1.0
flaw,-1.0
flawed,-1.0
flaws,-1.0
flee,-1.0
fleed,-1.0
fleeing,-1.0
fleer,-1.0
flees,-1.0
fleeting,-1.0
flicering,-1.0
flicker,-1.0
flickering,-1.0
flickers,-1.0
flighty,-1.0
flimflam,-1.0
flimsy,-1.0
flirt,-1.0
flirty,-1.0
floored,-1.0
flounder,-1.0
floundering,-1.0
flout,-1.0
fluster,-1.0
foe,-1.0
fool,-1.0
fooled,-1.0
foolhardy,-1.0
foolish,-1.0
foolishly,-1.0
foolishness,-1.0
forbid,-1.0
forbidden,-1.0
forbidding,-1.0
forceful,-1.0
foreboding,-1.0
forebodingly,-1.0
forfeit,-1.0
forged,-1.0
forgetful,-1.0
forgetfully,-1.0
forgetfulness,-1.0
forlorn,-1.0
forlornly,-1.0
forsake,-1.0
forsaken,-1.0
forswear,-1.0
foul,-1.0
foully,-1.0
foulness,-1.0
fractious,-1.0
fractiously,-1.0
fracture,-1.0
fragile,-1.0
fragmented,-1.0
frail,-1.0
frantic,-1.0
frantically,-1.0
franticly,-1.0
fraud,-1.0
fraudulent,-1.0
fraught,-1.0
frazzle,-1.0
frazzled,-1.0
freak,-1.0
freaking,-1.0
freakish,-1.0
freakishly,-1.0
freaks,-1.0
freeze,-1.0
freezes,-1.0
freezing,-1.0
frenetic,-1.0
frenetically,-1.0
frenzied,-1.0
frenzy,-1.0
fret,-1.0
fretful,-1.0
frets,-1.0
friction,-1.0
frictions,-1.0
fried,-1.0
friggin,-1.0
frigging,-1.0
fright,-1.0
frighten,-1.0
frightening,-1.0
frighteningly,-1.0
frightful,-1.0
frightfully,-1.0
frigid,-1.0
frost,-1.0
frown,-1.0
froze,-1.0
frozen,-1.0
fruitless,-1.0
fruitlessly,-1.0
frustrate,-1.0
frustrated,-1.0
frustrates,-1.0
frustrating,-1.0
frustratingly,-1.0
frustration,-1.0
frustrations,-1.0
fuck,-1.0
fucking,-1.0
fudge,-1.0
fugitive,-1.0
full-blown,-1.0
fulminate,-1.0
fumble,-1.0
fume,-1.0
fumes,-1.0
fundamentalism,-1.0
funky,-1.0
funnily,-1.0
funny,-1.0
furious,-1.0
furiously,-1.0
furor,-1.0
fury,-1.0
fuss,-1.0
fussy,-1.0
fustigate,-1.0
fusty,-1.0
futile,-1.0
futilely,-1.0
futility,-1.0
fuzzy,-1.0
gabble,-1.0
gaff,-1.0
gaffe,-1.0
gainsay,-1.0
gainsayer,-1.0
gall,-1.0
galling,-1.0
gallingly,-1.0
galls,-1.0
gangster,-1.0
gape,-1.0
garbage,-1.0
garish,-1.0
gasp,-1.0
gauche,-1.0
gaudy,-1.0
gawk,-1.0
gawky,-1.0
geezer,-1.0
genocide,-1.0
get-rich,-1.0
ghastly,-1.0
ghetto,-1.0
ghosting,-1.0
gibber,-1.0
gibberish,-1.0
gibe,-1.0
giddy,-1.0
gimmick,-1.0
gimmicked,-1.0
gimmicking,-1.0
gimmicks,-1.0
gimmicky,-1.0
glare,-1.0
glaringly,-1.0
glib,-1.0
glibly,-1.0
glitch,-1.0
glitches,-1.0
gloatingly,-1.0
gloom,-1.0
gloomy,-1.0
glower,-1.0
glum,-1.0
glut,-1.0
gnawing,-1.0
goad,-1.0
goading,-1.0
god-awful,-1.0
goof,-1.0
goofy,-1.0
goon,-1.0
gossip,-1.0
graceless,-1.0
gracelessly,-1.0
graft,-1.0
grainy,-1.0
grapple,-1.0
grate,-1.0
grating,-1.0
gravely,-1.0
greasy,-1.0
greed,-1.0
greedy,-1.0
grief,-1.0
grievance,-1.0
grievances,-1.0
grieve,-1.0
grieving,-1.0
grievous,-1.0
grievously,-1.0
grim,-1.0
grimace,-1.0
grind,-1.0
gripe,-1.0
gripes,-1.0
grisly,-1.0
gritty,-1.0
gross,-1.0
grossly,-1.0
grotesque,-1.0
grouch,-1.0
grouchy,-1.0
groundless,-1.0
grouse,-1.0
growl,-1.0
grudge,-1.0
grudges,-1.0
grudging,-1.0
grudgingly,-1.0
gruesome,-1.0
gruesomely,-1.0
gruff,-1.0
grumble,-1.0
grumpier,-1.0
grumpiest,-1.0
grumpily,-1.0
grumpish,-1.0
grumpy,-1.0
guile,-1.0
guilt,-1.0
guiltily,-1.0
guilty,-1.0
gullible,-1.0
gutless,-1.0
gutter,-1.0
hack,-1.0
hacks,-1.0
haggard,-1.0
haggle,-1.0
hairloss,-1.0
halfhearted,-1.0
halfheartedly,-1.0
hallucinate,-1.0
hallucination,-1.0
hamper,-1.0
hampered,-1.0
handicapped,-1.0
hang,-1.0
hangs,-1.0
haphazard,-1.0
hapless,-1.0
harangue,-1.0
harass,-1.0
harassed,-1.0
harasses,-1.0
harassment,-1.0
harboring,-1.0
harbors,-1.0
hard,-1.0
hard-hit,-1.0
hard-line,-1.0
hard-liner,-1.0
hardball,-1.0
harden,-1.0
hardened,-1.0
hardheaded,-1.0
hardhearted,-1.0
hardliner,-1.0
hardliners,-1.0
hardship,-1.0
hardships,-1.0
harm,-1.0
harmed,-1.0
harmful,-1.0
harms,-1.0
harpy,-1.0
harridan,-1.0
harried,-1.0
harrow,-1.0
harsh,-1.0
harshly,-1.0
hasseling,-1.0
hassle,-1.0
hassled,-1.0
hassles,-1.0
haste,-1.0
hastily,-1.0
hasty,-1.0
hate,-1.0
hated,-1.0
hateful,-1.0
hatefully,-1.0
hatefulness,-1.0
hater,-1.0
haters,-1.0
hates,-1.0
hating,-1.0
hatred,-1.0
haughtily,-1.0
haughty,-1.0
haunt,-1.0
haunting,-1.0
havoc,-1.0
hawkish,-1.0
haywire,-1.0
hazard,-1.0
hazardous,-1.0
haze,-1.0
hazy,-1.0
head-aches,-1.0
headache,-1.0
headaches,-1.0
heartbreaker,-1.0
heartbreaking,-1.0
heartbreakingly,-1.0
heartless,-1.0
heathen,-1.0
heavy-handed,-1.0
heavyhearted,-1.0
heck,-1.0
heckle,-1.0
heckled,-1.0
heckles,-1.0
hectic,-1.0
hedge,-1.0
hedonistic,-1.0
heedless,-1.0
hefty,-1.0
hegemonism,-1.0
hegemonistic,-1.0
hegemony,-1.0
heinous,-1.0
hell,-1.0
hell-bent,-1.0
hellion,-1.0
hells,-1.0
helpless,-1.0
helplessly,-1.0
helplessness,-1.0
heresy,-1.0
heretic,-1.0
heretical,-1.0
hesitant,-1.0
hestitant,-1.0
hideous,-1.0
hideously,-1.0
hideousness,-1.0
high-priced,-1.0
hiliarious,-1.0
hinder,-1.0
hindrance,-1.0
hiss,-1.0
hissed,-1.0
hissing,-1.0
ho-hum,-1.0
hoard,-1.0
hoax,-1.0
hobble,-1.0
hogs,-1.0
hollow,-1.0
hoodium,-1.0
hoodwink,-1.0
hooligan,-1.0
hopeless,-1.0
hopelessly,-1.0
hopelessness,-1.0
horde,-1.0
horrendous,-1.0
horrendously,-1.0
horrible,-1.0
horrid,-1.0
horrific,-1.0
horrified,-1.0
horrifies,-1.0
horrify,-1.0
horrifying,-1.0
horrifys,-1.0
hostage,-1.0
hostile,-1.0
hostilities,-1.0
hostility,-1.0
hotbeds,-1.0
hothead,-1.0
hotheaded,-1.0
hothouse,-1.0
hubris,-1.0
huckster,-1.0
hum,-1.0
humid,-1.0
humiliate,-1.0
humiliating,-1.0
humiliation,-1.0
humming,-1.0
hung,-1.0
hurt,-1.0
hurted,-1.0
hurtful,-1.0
hurting,-1.0
hurts,-1.0
hustler,-1.0
hype,-1.0
hypocricy,-1.0
hypocrisy,-1.0
hypocrite,-1.0
hypocrites,-1.0
hypocritical,-1.0
hypocritically,-1.0
hysteria,-1.0
hysteric,-1.0
hysterical,-1.0
hysterically,-1.0
hysterics,-1.0
idiocies,-1.0
idiocy,-1.0
idiot,-1.0
idiotic,-1.0
idiotically,-1.0
idiots,-1.0
idle,-1.0
ignoble,-1.0
ignominious,-1.0
ignominiously,-1.0
ignominy,-1.0
ignorance,-1.0
ignorant,-1.0
ignore,-1.0
ill-advised,-1.0
ill-conceived,-1.0
ill-defined,-1.0
ill-designed,-1.0
ill-fated,-1.0
ill-favored,-1.0
ill-formed,-1.0
ill-mannered,-1.0
ill-natured,-1.0
ill-sorted,-1.0
ill-tempered,-1.0
ill-treated,-1.0
ill-treatment,-1.0
ill-usage,-1.0
ill-used,-1.0
illegal,-1.0
illegally,-1.0
illegitimate,-1.0
illicit,-1.0
illiterate,-1.0
illness,-1.0
illogic,-1.0
illogical,-1.0
illogically,-1.0
illusion,-1.0
illusions,-1.0
illusory,-1.0
imaginary,-1.0
imbalance,-1.0
imbecile,-1.0
imbroglio,-1.0
immaterial,-1.0
immature,-1.0
imminence,-1.0
imminently,-1.0
immobilized,-1.0
immoderate,-1.0
immoderately,-1.0
immodest,-1.0
immoral,-1.0
immorality,-1.0
immorally,-1.0
immovable,-1.0
impair,-1.0
impaired,-1.0
impasse,-1.0
impatience,-1.0
impatient,-1.0
impatiently,-1.0
impeach,-1.0
impedance,-1.0
impede,-1.0
impediment,-1.0
impending,-1.0
impenitent,-1.0
imperfect,-1.0
imperfection,-1.0
imperfections,-1.0
imperfectly,-1.0
imperialist,-1.0
imperil,-1.0
imperious,-1.0
imperiously,-1.0
impermissible,-1.0
impersonal,-1.0
impertinent,-1.0
impetuous,-1.0
impetuously,-1.0
impiety,-1.0
impinge,-1.0
impious,-1.0
implacable,-1.0
implausible,-1.0
implausibly,-1.0
implicate,-1.0
implication,-1.0
implode,-1.0
impolite,-1.0
impolitely,-1.0
impolitic,-1.0
importunate,-1.0
importune,-1.0
impose,-1.0
imposers,-1.0
imposing,-1.0
imposition,-1.0
impossible,-1.0
impossiblity,-1.0
impossibly,-1.0
impotent,-1.0
impoverish,-1.0
impoverished,-1.0
impractical,-1.0
imprecate,-1.0
imprecise,-1.0
imprecisely,-1.0
imprecision,-1.0
imprison,-1.0
imprisonment,-1.0
improbability,-1.0
improbable,-1.0
improbably,-1.0
improper,-1.0
improperly,-1.0
impropriety,-1.0
imprudence,-1.0
imprudent,-1.0
impudence,-1.0
impudent,-1.0
impudently,-1.0
impugn,-1.0
impulsive,-1.0
impulsively,-1.0
impunity,-1.0
impure,-1.0
impurity,-1.0
inability,-1.0
inaccuracies,-1.0
inaccuracy,-1.0
inaccurate,-1.0
inaccurately,-1.0
inaction,-1.0
inactive,-1.0
inadequacy,-1.0
inadequate,-1.0
inadequately,-1.0
inadverent,-1.0
inadverently,-1.0
inadvisable,-1.0
inadvisably,-1.0
inane,-1.0
inanely,-1.0
inappropriate,-1.0
inappropriately,-1.0
inapt,-1.0
inaptitude,-1.0
inarticulate,-1.0
inattentive,-1.0
inaudible,-1.0
incapable,-1.0
incapably,-1.0
incautious,-1.0
incendiary,-1.0
incense,-1.0
incessant,-1.0
incessantly,-1.0
incite,-1.0
incitement,-1.0
incivility,-1.0
inclement,-1.0
incognizant,-1.0
incoherence,-1.0
incoherent,-1.0
incoherently,-1.0
incommensurate,-1.0
incomparable,-1.0
incomparably,-1.0
incompatability,-1.0
incompatibility,-1.0
incompatible,-1.0
incompetence,-1.0
incompetent,-1.0
incompetently,-1.0
incomplete,-1.0
incompliant,-1.0
incomprehensible,-1.0
incomprehension,-1.0
inconceivable,-1.0
inconceivably,-1.0
incongruous,-1.0
incongruously,-1.0
inconsequent,-1.0
inconsequential,-1.0
inconsequentially,-1.0
inconsequently,-1.0
inconsiderate,-1.0
inconsiderately,-1.0
inconsistence,-1.0
inconsistencies,-1.0
inconsistency,-1.0
inconsistent,-1.0
inconsolable,-1.0
inconsolably,-1.0
inconstant,-1.0
inconvenience,-1.0
inconveniently,-1.0
incorrect,-1.0
incorrectly,-1.0
incorrigible,-1.0
incorrigibly,-1.0
incredulous,-1.0
incredulously,-1.0
inculcate,-1.0
indecency,-1.0
indecent,-1.0
indecently,-1.0
indecision,-1.0
indecisive,-1.0
indecisively,-1.0
indecorum,-1.0
indefensible,-1.0
indelicate,-1.0
indeterminable,-1.0
indeterminably,-1.0
indeterminate,-1.0
indifference,-1.0
indifferent,-1.0
indigent,-1.0
indignant,-1.0
indignantly,-1.0
indignation,-1.0
indignity,-1.0
indiscernible,-1.0
indiscreet,-1.0
indiscreetly,-1.0
indiscretion,-1.0
indiscriminate,-1.0
indiscriminately,-1.0
indiscriminating,-1.0
indistinguishable,-1.0
indoctrinate,-1.0
indoctrination,-1.0
indolent,-1.0
indulge,-1.0
ineffective,-1.0
ineffectively,-1.0
ineffectiveness,-1.0
ineffectual,-1.0
ineffectually,-1.0
ineffectualness,-1.0
inefficacious,-1.0
inefficacy,-1.0
inefficiency,-1.0
inefficient,-1.0
inefficiently,-1.0
inelegance,-1.0
inelegant,-1.0
ineligible,-1.0
ineloquent,-1.0
ineloquently,-1.0
inept,-1.0
ineptitude,-1.0
ineptly,-1.0
inequalities,-1.0
inequality,-1.0
inequitable,-1.0
inequitably,-1.0
inequities,-1.0
inescapable,-1.0
inescapably,-1.0
inessential,-1.0
inevitable,-1.0
inevitably,-1.0
inexcusable,-1.0
inexcusably,-1.0
inexorable,-1.0
inexorably,-1.0
inexperience,-1.0
inexperienced,-1.0
inexpert,-1.0
inexpertly,-1.0
inexpiable,-1.0
inexplainable,-1.0
inextricable,-1.0
inextricably,-1.0
infamous,-1.0
infamously,-1.0
infamy,-1.0
infected,-1.0
infection,-1.0
infections,-1.0
inferior,-1.0
inferiority,-1.0
infernal,-1.0
infest,-1.0
infested,-1.0
infidel,-1.0
infidels,-1.0
infiltrator,-1.0
infiltrators,-1.0
infirm,-1.0
inflame,-1.0
inflammation,-1.0
inflammatory,-1.0
inflammed,-1.0
inflated,-1.0
inflationary,-1.0
inflexible,-1.0
inflict,-1.0
infraction,-1.0
infringe,-1.0
infringement,-1.0
infringements,-1.0
infuriate,-1.0
infuriated,-1.0
infuriating,-1.0
infuriatingly,-1.0
inglorious,-1.0
ingrate,-1.0
ingratitude,-1.0
inhibit,-1.0
inhibition,-1.0
inhospitable,-1.0
inhospitality,-1.0
inhuman,-1.0
inhumane,-1.0
inhumanity,-1.0
inimical,-1.0
inimically,-1.0
iniquitous,-1.0
iniquity,-1.0
injudicious,-1.0
injure,-1.0
injurious,-1.0
injury,-1.0
injustice,-1.0
injustices,-1.0
innuendo,-1.0
inoperable,-1.0
inopportune,-1.0
inordinate,-1.0
inordinately,-1.0
insane,-1.0
insanely,-1.0
insanity,-1.0
insatiable,-1.0
insecure,-1.0
insecurity,-1.0
insensible,-1.0
insensitive,-1.0
insensitively,-1.0
insensitivity,-1.0
insidious,-1.0
insidiously,-1.0
insignificance,-1.0
insignificant,-1.0
insignificantly,-1.0
insincere,-1.0
insincerely,-1.0
insincerity,-1.0
insinuate,-1.0
insinuating,-1.0
insinuation,-1.0
insociable,-1.0
insolence,-1.0
insolent,-1.0
insolently,-1.0
insolvent,-1.0
insouciance,-1.0
instability,-1.0
instable,-1.0
instigate,-1.0
instigator,-1.0
instigators,-1.0
insubordinate,-1.0
insubstantial,-1.0
insubstantially,-1.0
insufferable,-1.0
insufferably,-1.0
insufficiency,-1.0
insufficient,-1.0
insufficiently,-1.0
insular,-1.0
insult,-1.0
insulted,-1.0
insulting,-1.0
insultingly,-1.0
insults,-1.0
insupportable,-1.0
insupportably,-1.0
insurmountable,-1.0
insurmountably,-1.0
insurrection,-1.0
intefere,-1.0
inteferes,-1.0
intense,-1.0
interfere,-1.0
interference,-1.0
interferes,-1.0
intermittent,-1.0
interrupt,-1.0
interruption,-1.0
interruptions,-1.0
intimidate,-1.0
intimidating,-1.0
intimidatingly,-1.0
intimidation,-1.0
intolerable,-1.0
intolerablely,-1.0
intolerance,-1.0
intoxicate,-1.0
intractable,-1.0
intransigence,-1.0
intransigent,-1.0
intrude,-1.0
intrusion,-1.0
intrusive,-1.0
inundate,-1.0
inundated,-1.0
invader,-1.0
invalid,-1.0
invalidate,-1.0
invalidity,-1.0
invasive,-1.0
invective,-1.0
inveigle,-1.0
invidious,-1.0
invidiously,-1.0
invidiousness,-1.0
invisible,-1.0
involuntarily,-1.0
involuntary,-1.0
irascible,-1.0
irate,-1.0
irately,-1.0
ire,-1.0
irk,-1.0
irked,-1.0
irking,-1.0
irks,-1.0
irksome,-1.0
irksomely,-1.0
irksomeness,-1.0
irksomenesses,-1.0
ironic,-1.0
ironical,-1.0
ironically,-1.0
ironies,-1.0
irony,-1.0
irragularity,-1.0
irrational,-1.0
irrationalities,-1.0
irrationality,-1.0
irrationally,-1.0
irrationals,-1.0
irreconcilable,-1.0
irrecoverable,-1.0
irrecoverableness,-1.0
irrecoverablenesses,-1.0
irrecoverably,-1.0
irredeemable,-1.0
irredeemably,-1.0
irreformable,-1.0
irregular,-1.0
irregularity,-1.0
irrelevance,-1.0
irrelevant,-1.0
irreparable,-1.0
irreplacible,-1.0
irrepressible,-1.0
irresolute,-1.0
irresolvable,-1.0
irresponsible,-1.0
irresponsibly,-1.0
irretating,-1.0
irretrievable,-1.0
irreversible,-1.0
irritable,-1.0
irritably,-1.0
irritant,-1.0
irritate,-1.0
irritated,-1.0
irritating,-1.0
irritation,-1.0
irritations,-1.0
isolate,-1.0
isolated,-1.0
isolation,-1.0
issue,-1.0
issues,-1.0
itch,-1.0
itching,-1.0
itchy,-1.0
jabber,-1.0
jaded,-1.0
jagged,-1.0
jam,-1.0
jarring,-1.0
jaundiced,-1.0
jealous,-1.0
jealously,-1.0
jealousness,-1.0
jealousy,-1.0
jeer,-1.0
jeering,-1.0
jeeringly,-1.0
jeers,-1.0
jeopardize,-1.0
jeopardy,-1.0
jerk,-1.0
jerky,-1.0
jitter,-1.0
jitters,-1.0
jittery,-1.0
job-killing,-1.0
jobless,-1.0
joke,-1.0
joker,-1.0
jolt,-1.0
judder,-1.0
juddering,-1.0
judders,-1.0
jumpy,-1.0
junk,-1.0
junky,-1.0
junkyard,-1.0
jutter,-1.0
jutters,-1.0
kaput,-1.0
kill,-1.0
killed,-1.0
killer,-1.0
killing,-1.0
killjoy,-1.0
kills,-1.0
knave,-1.0
knife,-1.0
knock,-1.0
knotted,-1.0
kook,-1.0
kooky,-1.0
lack,-1.0
lackadaisical,-1.0
lacked,-1.0
lackey,-1.0
lackeys,-1.0
lacking,-1.0
lackluster,-1.0
lacks,-1.0
laconic,-1.0
lag,-1.0
lagged,-1.0
lagging,-1.0
laggy,-1.0
lags,-1.0
laid-off,-1.0
lambast,-1.0
lambaste,-1.0
lame,-1.0
lame-duck,-1.0
lament,-1.0
lamentable,-1.0
lamentably,-1.0
languid,-1.0
languish,-1.0
languor,-1.0
languorous,-1.0
languorously,-1.0
lanky,-1.0
lapse,-1.0
lapsed,-1.0
lapses,-1.0
lascivious,-1.0
last-ditch,-1.0
latency,-1.0
laughable,-1.0
laughably,-1.0
laughingstock,-1.0
lawbreaker,-1.0
lawbreaking,-1.0
lawless,-1.0
lawlessness,-1.0
layoff,-1.0
layoff-happy,-1.0
lazy,-1.0
leak,-1.0
leakage,-1.0
leakages,-1.0
leaking,-1.0
leaks,-1.0
leaky,-1.0
lech,-1.0
lecher,-1.0
lecherous,-1.0
lechery,-1.0
leech,-1.0
leer,-1.0
leery,-1.0
left-leaning,-1.0
lemon,-1.0
lengthy,-1.0
less-developed,-1.0
lesser-known,-1.0
letch,-1.0
lethal,-1.0
lethargic,-1.0
lethargy,-1.0
lewd,-1.0
lewdly,-1.0
lewdness,-1.0
liability,-1.0
liable,-1.0
liar,-1.0
liars,-1.0
licentious,-1.0
licentiously,-1.0
licentiousness,-1.0
lie,-1.0
lied,-1.0
lier,-1.0
lies,-1.0
life-threatening,-1.0
lifeless,-1.0
limit,-1.0
limitation,-1.0
limitations,-1.0
limited,-1.0
limits,-1.0
limp,-1.0
listless,-1.0
litigious,-1.0
little-known,-1.0
livid,-1.0
lividly,-1.0
loath,-1.0
loathe,-1.0
loathing,-1.0
loathly,-1.0
loathsome,-1.0
loathsomely,-1.0
lone,-1.0
loneliness,-1.0
lonely,-1.0
loner,-1.0
lonesome,-1.0
long-time,-1.0
long-winded,-1.0
longing,-1.0
longingly,-1.0
loophole,-1.0
loopholes,-1.0
loose,-1.0
loot,-1.0
lorn,-1.0
lose,-1.0
loser,-1.0
losers,-1.0
loses,-1.0
losing,-1.0
loss,-1.0
losses,-1.0
lost,-1.0
loud,-1.0
louder,-1.0
lousy,-1.0
loveless,-1.0
lovelorn,-1.0
low-rated,-1.0
lowly,-1.0
ludicrous,-1.0
ludicrously,-1.0
lugubrious,-1.0
lukewarm,-1.0
lull,-1.0
lumpy,-1.0
lunatic,-1.0
lunaticism,-1.0
lurch,-1.0
lure,-1.0
lurid,-1.0
lurk,-1.0
lurking,-1.0
lying,-1.0
macabre,-1.0
mad,-1.0
madden,-1.0
maddening,-1.0
maddeningly,-1.0
madder,-1.0
madly,-1.0
madman,-1.0
madness,-1.0
maladjusted,-1.0
maladjustment,-1.0
malady,-1.0
malaise,-1.0
malcontent,-1.0
malcontented,-1.0
maledict,-1.0
malevolence,-1.0
malevolent,-1.0
malevolently,-1.0
malice,-1.0
malicious,-1.0
maliciously,-1.0
maliciousness,-1.0
malign,-1.0
malignant,-1.0
malodorous,-1.0
maltreatment,-1.0
mangle,-1.0
mangled,-1.0
mangles,-1.0
mangling,-1.0
mania,-1.0
maniac,-1.0
maniacal,-1.0
manic,-1.0
manipulate,-1.0
manipulation,-1.0
manipulative,-1.0
manipulators,-1.0
mar,-1.0
marginal,-1.0
marginally,-1.0
martyrdom,-1.0
martyrdom-seeking,-1.0
mashed,-1.0
massacre,-1.0
massacres,-1.0
matte,-1.0
mawkish,-1.0
mawkishly,-1.0
mawkishness,-1.0
meager,-1.0
meaningless,-1.0
meanness,-1.0
measly,-1.0
meddle,-1.0
meddlesome,-1.0
mediocre,-1.0
mediocrity,-1.0
melancholy,-1.0
melodramatic,-1.0
melodramatically,-1.0
meltdown,-1.0
menace,-1.0
menacing,-1.0
menacingly,-1.0
mendacious,-1.0
mendacity,-1.0
menial,-1.0
merciless,-1.0
mercilessly,-1.0
mess,-1.0
messed,-1.0
messes,-1.0
messing,-1.0
messy,-1.0
midget,-1.0
miff,-1.0
militancy,-1.0
mindless,-1.0
mindlessly,-1.0
mirage,-1.0
mire,-1.0
misalign,-1.0
misaligned,-1.0
misaligns,-1.0
misapprehend,-1.0
misbecome,-1.0
misbecoming,-1.0
misbegotten,-1.0
misbehave,-1.0
misbehavior,-1.0
miscalculate,-1.0
miscalculation,-1.0
miscellaneous,-1.0
mischief,-1.0
mischievous,-1.0
mischievously,-1.0
misconception,-1.0
misconceptions,-1.0
miscreant,-1.0
miscreants,-1.0
misdirection,-1.0
miser,-1.0
miserable,-1.0
miserableness,-1.0
miserably,-1.0
miseries,-1.0
miserly,-1.0
misery,-1.0
misfit,-1.0
misfortune,-1.0
misgiving,-1.0
misgivings,-1.0
misguidance,-1.0
misguide,-1.0
misguided,-1.0
mishandle,-1.0
mishap,-1.0
misinform,-1.0
misinformed,-1.0
misinterpret,-1.0
misjudge,-1.0
misjudgment,-1.0
mislead,-1.0
misleading,-1.0
misleadingly,-1.0
mislike,-1.0
mismanage,-1.0
mispronounce,-1.0
mispronounced,-1.0
mispronounces,-1.0
misread,-1.0
misreading,-1.0
misrepresent,-1.0
misrepresentation,-1.0
miss,-1.0
missed,-1.0
misses,-1.0
misstatement,-1.0
mist,-1.0
mistake,-1.0
mistaken,-1.0
mistakenly,-1.0
mistakes,-1.0
mistified,-1.0
mistress,-1.0
mistrust,-1.0
mistrustful,-1.0
mistrustfully,-1.0
mists,-1.0
misunderstand,-1.0
misunderstanding,-1.0
misunderstandings,-1.0
misunderstood,-1.0
misuse,-1.0
moan,-1.0
mobster,-1.0
mock,-1.0
mocked,-1.0
mockeries,-1.0
mockery,-1.0
mocking,-1.0
mockingly,-1.0
mocks,-1.0
molest,-1.0
molestation,-1.0
monotonous,-1.0
monotony,-1.0
monster,-1.0
monstrosities,-1.0
monstrosity,-1.0
monstrous,-1.0
monstrously,-1.0
moody,-1.0
moot,-1.0
mope,-1.0
morbid,-1.0
morbidly,-1.0
mordant,-1.0
mordantly,-1.0
moribund,-1.0
moron,-1.0
moronic,-1.0
morons,-1.0
mortification,-1.0
mortified,-1.0
mortify,-1.0
mortifying,-1.0
motionless,-1.0
motley,-1.0
mourn,-1.0
mourner,-1.0
mournful,-1.0
mournfully,-1.0
muddle,-1.0
muddy,-1.0
mudslinger,-1.0
mudslinging,-1.0
mulish,-1.0
multi-polarization,-1.0
mundane,-1.0
murder,-1.0
murderer,-1.0
murderous,-1.0
murderously,-1.0
murky,-1.0
muscle-flexing,-1.0
mushy,-1.0
musty,-1.0
mysterious,-1.0
mysteriously,-1.0
mystery,-1.0
mystify,-1.0
myth,-1.0
nag,-1.0
nagging,-1.0
naive,-1.0
naively,-1.0
narrower,-1.0
nastily,-1.0
nastiness,-1.0
nasty,-1.0
naughty,-1.0
nauseate,-1.0
nauseates,-1.0
nauseating,-1.0
nauseatingly,-1.0
na�ve,-1.0
nebulous,-1.0
nebulously,-1.0
needless,-1.0
needlessly,-1.0
needy,-1.0
nefarious,-1.0
nefariously,-1.0
negate,-1.0
negation,-1.0
negative,-1.0
negatives,-1.0
negativity,-1.0
neglect,-1.0
neglected,-1.0
negligence,-1.0
negligent,-1.0
nemesis,-1.0
nepotism,-1.0
nervous,-1.0
nervously,-1.0
nervousness,-1.0
nettle,-1.0
nettlesome,-1.0
neurotic,-1.0
neurotically,-1.0
niggle,-1.0
niggles,-1.0
nightmare,-1.0
nightmarish,-1.0
nightmarishly,-1.0
nitpick,-1.0
nitpicking,-1.0
noise,-1.0
noises,-1.0
noisier,-1.0
noisy,-1.0
non-confidence,-1.0
nonexistent,-1.0
nonresponsive,-1.0
nonsense,-1.0
nosey,-1.0
notoriety,-1.0
notorious,-1.0
notoriously,-1.0
noxious,-1.0
nuisance,-1.0
numb,-1.0
obese,-1.0
object,-1.0
objection,-1.0
objectionable,-1.0
objections,-1.0
oblique,-1.0
obliterate,-1.0
obliterated,-1.0
oblivious,-1.0
obnoxious,-1.0
obnoxiously,-1.0
obscene,-1.0
obscenely,-1.0
obscenity,-1.0
obscure,-1.0
obscured,-1.0
obscures,-1.0
obscurity,-1.0
obsess,-1.0
obsessive,-1.0
obsessively,-1.0
obsessiveness,-1.0
obsolete,-1.0
obstacle,-1.0
obstinate,-1.0
obstinately,-1.0
obstruct,-1.0
obstructed,-1.0
obstructing,-1.0
obstruction,-1.0
obstructs,-1.0
obtrusive,-1.0
obtuse,-1.0
occlude,-1.0
occluded,-1.0
occludes,-1.0
occluding,-1.0
odd,-1.0
odder,-1.0
oddest,-1.0
oddities,-1.0
oddity,-1.0
oddly,-1.0
odor,-1.0
offence,-1.0
offend,-1.0
offender,-1.0
offending,-1.0
offenses,-1.0
offensive,-1.0
offensively,-1.0
offensiveness,-1.0
officious,-1.0
ominous,-1.0
ominously,-1.0
omission,-1.0
omit,-1.0
one-sided,-1.0
onerous,-1.0
onerously,-1.0
onslaught,-1.0
opinionated,-1.0
opponent,-1.0
opportunistic,-1.0
oppose,-1.0
opposition,-1.0
oppositions,-1.0
oppress,-1.0
oppression,-1.0
oppressive,-1.0
oppressively,-1.0
oppressiveness,-1.0
oppressors,-1.0
ordeal,-1.0
orphan,-1.0
ostracize,-1.0
outbreak,-1.0
outburst,-1.0
outbursts,-1.0
outcast,-1.0
outcry,-1.0
outlaw,-1.0
outmoded,-1.0
outrage,-1.0
outraged,-1.0
outrageous,-1.0
outrageously,-1.0
outrageousness,-1.0
outrages,-1.0
outsider,-1.0
over-acted,-1.0
over-awe,-1.0
over-balanced,-1.0
over-hyped,-1.0
over-priced,-1.0
over-valuation,-1.0
overact,-1.0
overacted,-1.0
overawe,-1.0
overbalance,-1.0
overbalanced,-1.0
overbearing,-1.0
overbearingly,-1.0
overblown,-1.0
overdo,-1.0
overdone,-1.0
overdue,-1.0
overemphasize,-1.0
overheat,-1.0
overkill,-1.0
overloaded,-1.0
overlook,-1.0
overpaid,-1.0
overpayed,-1.0
overplay,-1.0
overpower,-1.0
overpriced,-1.0
overrated,-1.0
overreach,-1.0
overrun,-1.0
overshadow,-1.0
oversight,-1.0
oversights,-1.0
oversimplification,-1.0
oversimplified,-1.0
oversimplify,-1.0
oversize,-1.0
overstate,-1.0
overstated,-1.0
overstatement,-1.0
overstatements,-1.0
overstates,-1.0
overtaxed,-1.0
overthrow,-1.0
overthrows,-1.0
overturn,-1.0
overweight,-1.0
overwhelm,-1.0
overwhelmed,-1.0
overwhelming,-1.0
overwhelmingly,-1.0
overwhelms,-1.0
overzealous,-1.0
overzealously,-1.0
overzelous,-1.0
pain,-1.0
painful,-1.0
painfull,-1.0
painfully,-1.0
pains,-1.0
pale,-1.0
pales,-1.0
paltry,-1.0
pan,-1.0
pandemonium,-1.0
pander,-1.0
pandering,-1.0
panders,-1.0
panic,-1.0
panick,-1.0
panicked,-1.0
panicking,-1.0
panicky,-1.0
paradoxical,-1.0
paradoxically,-1.0
paralize,-1.0
paralyzed,-1.0
paranoia,-1.0
paranoid,-1.0
parasite,-1.0
pariah,-1.0
parody,-1.0
partiality,-1.0
partisan,-1.0
partisans,-1.0
passe,-1.0
passive,-1.0
passiveness,-1.0
pathetic,-1.0
pathetically,-1.0
patronize,-1.0
paucity,-1.0
pauper,-1.0
paupers,-1.0
payback,-1.0
peculiar,-1.0
peculiarly,-1.0
pedantic,-1.0
peeled,-1.0
peeve,-1.0
peeved,-1.0
peevish,-1.0
peevishly,-1.0
penalize,-1.0
penalty,-1.0
perfidious,-1.0
perfidity,-1.0
perfunctory,-1.0
peril,-1.0
perilous,-1.0
perilously,-1.0
perish,-1.0
pernicious,-1.0
perplex,-1.0
perplexed,-1.0
perplexing,-1.0
perplexity,-1.0
persecute,-1.0
persecution,-1.0
pertinacious,-1.0
pertinaciously,-1.0
pertinacity,-1.0
perturb,-1.0
perturbed,-1.0
pervasive,-1.0
perverse,-1.0
perversely,-1.0
perversion,-1.0
perversity,-1.0
pervert,-1.0
perverted,-1.0
perverts,-1.0
pessimism,-1.0
pessimistic,-1.0
pessimistically,-1.0
pest,-1.0
pestilent,-1.0
petrified,-1.0
petrify,-1.0
pettifog,-1.0
petty,-1.0
phobia,-1.0
phobic,-1.0
phony,-1.0
picket,-1.0
picketed,-1.0
picketing,-1.0
pickets,-1.0
picky,-1.0
pig,-1.0
pigs,-1.0
pillage,-1.0
pillory,-1.0
pimple,-1.0
pinch,-1.0
pique,-1.0
pitiable,-1.0
pitiful,-1.0
pitifully,-1.0
pitiless,-1.0
pitilessly,-1.0
pittance,-1.0
pity,-1.0
plagiarize,-1.0
plague,-1.0
plasticky,-1.0
plaything,-1.0
plea,-1.0
pleas,-1.0
plebeian,-1.0
plight,-1.0
plot,-1.0
plotters,-1.0
ploy,-1.0
plunder,-1.0
plunderer,-1.0
pointless,-1.0
pointlessly,-1.0
poison,-1.0
poisonous,-1.0
poisonously,-1.0
pokey,-1.0
poky,-1.0
polarisation,-1.0
polemize,-1.0
pollute,-1.0
polluter,-1.0
polluters,-1.0
polution,-1.0
pompous,-1.0
poor,-1.0
poorer,-1.0
poorest,-1.0
poorly,-1.0
posturing,-1.0
pout,-1.0
poverty,-1.0
powerless,-1.0
prate,-1.0
pratfall,-1.0
prattle,-1.0
precarious,-1.0
precariously,-1.0
precipitate,-1.0
precipitous,-1.0
predatory,-1.0
predicament,-1.0
prejudge,-1.0
prejudice,-1.0
prejudices,-1.0
prejudicial,-1.0
premeditated,-1.0
preoccupy,-1.0
preposterous,-1.0
preposterously,-1.0
presumptuous,-1.0
presumptuously,-1.0
pretence,-1.0
pretend,-1.0
pretense,-1.0
pretentious,-1.0
pretentiously,-1.0
prevaricate,-1.0
pricey,-1.0
pricier,-1.0
prick,-1.0
prickle,-1.0
prickles,-1.0
prideful,-1.0
prik,-1.0
primitive,-1.0
prison,-1.0
prisoner,-1.0
problem,-1.0
problematic,-1.0
problems,-1.0
procrastinate,-1.0
procrastinates,-1.0
procrastination,-1.0
profane,-1.0
profanity,-1.0
prohibit,-1.0
prohibitive,-1.0
prohibitively,-1.0
propaganda,-1.0
propagandize,-1.0
proprietary,-1.0
prosecute,-1.0
protest,-1.0
protested,-1.0
protesting,-1.0
protests,-1.0
protracted,-1.0
provocation,-1.0
provocative,-1.0
provoke,-1.0
pry,-1.0
pugnacious,-1.0
pugnaciously,-1.0
pugnacity,-1.0
punch,-1.0
punish,-1.0
punishable,-1.0
punitive,-1.0
punk,-1.0
puny,-1.0
puppet,-1.0
puppets,-1.0
puzzled,-1.0
puzzlement,-1.0
puzzling,-1.0
quack,-1.0
qualm,-1.0
qualms,-1.0
quandary,-1.0
quarrel,-1.0
quarrellous,-1.0
quarrellously,-1.0
quarrels,-1.0
quarrelsome,-1.0
quash,-1.0
queer,-1.0
questionable,-1.0
quibble,-1.0
quibbles,-1.0
quitter,-1.0
rabid,-1.0
racism,-1.0
racist,-1.0
racists,-1.0
racy,-1.0
radical,-1.0
radicalization,-1.0
radically,-1.0
radicals,-1.0
rage,-1.0
ragged,-1.0
raging,-1.0
rail,-1.0
raked,-1.0
rampage,-1.0
rampant,-1.0
ramshackle,-1.0
rancor,-1.0
randomly,-1.0
rankle,-1.0
rant,-1.0
ranted,-1.0
ranting,-1.0
rantingly,-1.0
rants,-1.0
rape,-1.0
raped,-1.0
raping,-1.0
rascal,-1.0
rascals,-1.0
rash,-1.0
rattle,-1.0
rattled,-1.0
rattles,-1.0
ravage,-1.0
raving,-1.0
reactionary,-1.0
rebellious,-1.0
rebuff,-1.0
rebuke,-1.0
recalcitrant,-1.0
recant,-1.0
recession,-1.0
recessionary,-1.0
reckless,-1.0
recklessly,-1.0
recklessness,-1.0
recoil,-1.0
recourses,-1.0
redundancy,-1.0
redundant,-1.0
refusal,-1.0
refuse,-1.0
refused,-1.0
refuses,-1.0
refusing,-1.0
refutation,-1.0
refute,-1.0
refuted,-1.0
refutes,-1.0
refuting,-1.0
regress,-1.0
regression,-1.0
regressive,-1.0
regret,-1.0
regreted,-1.0
regretful,-1.0
regretfully,-1.0
regrets,-1.0
regrettable,-1.0
regrettably,-1.0
regretted,-1.0
reject,-1.0
rejected,-1.0
rejecting,-1.0
rejection,-1.0
rejects,-1.0
relapse,-1.0
relentless,-1.0
relentlessly,-1.0
relentlessness,-1.0
reluctance,-1.0
reluctant,-1.0
reluctantly,-1.0
remorse,-1.0
remorseful,-1.0
remorsefully,-1.0
remorseless,-1.0
remorselessly,-1.0
remorselessness,-1.0
renounce,-1.0
renunciation,-1.0
repel,-1.0
repetitive,-1.0
reprehensible,-1.0
reprehensibly,-1.0
reprehension,-1.0
reprehensive,-1.0
repress,-1.0
repression,-1.0
repressive,-1.0
reprimand,-1.0
reproach,-1.0
reproachful,-1.0
reprove,-1.0
reprovingly,-1.0
repudiate,-1.0
repudiation,-1.0
repugn,-1.0
repugnance,-1.0
repugnant,-1.0
repugnantly,-1.0
repulse,-1.0
repulsed,-1.0
repulsing,-1.0
repulsive,-1.0
repulsively,-1.0
repulsiveness,-1.0
resent,-1.0
resentful,-1.0
resentment,-1.0
resignation,-1.0
resigned,-1.0
resistance,-1.0
restless,-1.0
restlessness,-1.0
restrict,-1.0
restricted,-1.0
restriction,-1.0
restrictive,-1.0
resurgent,-1.0
retaliate,-1.0
retaliatory,-1.0
retard,-1.0
retarded,-1.0
retardedness,-1.0
retards,-1.0
reticent,-1.0
retract,-1.0
retreat,-1.0
retreated,-1.0
revenge,-1.0
revengeful,-1.0
revengefully,-1.0
revert,-1.0
revile,-1.0
reviled,-1.0
revoke,-1.0
revolt,-1.0
revolting,-1.0
revoltingly,-1.0
revulsion,-1.0
revulsive,-1.0
rhapsodize,-1.0
rhetoric,-1.0
rhetorical,-1.0
ricer,-1.0
ridicule,-1.0
ridicules,-1.0
ridiculous,-1.0
ridiculously,-1.0
rife,-1.0
rift,-1.0
rifts,-1.0
rigid,-1.0
rigidity,-1.0
rigidness,-1.0
rile,-1.0
riled,-1.0
rip,-1.0
rip-off,-1.0
ripoff,-1.0
ripped,-1.0
risk,-1.0
risks,-1.0
risky,-1.0
rival,-1.0
rivalry,-1.0
roadblocks,-1.0
rocky,-1.0
rogue,-1.0
rollercoaster,-1.0
rot,-1.0
rotten,-1.0
rough,-1.0
rremediable,-1.0
rubbish,-1.0
rude,-1.0
rue,-1.0
ruffian,-1.0
ruffle,-1.0
ruin,-1.0
ruined,-1.0
ruining,-1.0
ruinous,-1.0
ruins,-1.0
rumbling,-1.0
rumor,-1.0
rumors,-1.0
rumours,-1.0
rumple,-1.0
run-down,-1.0
runaway,-1.0
rupture,-1.0
rust,-1.0
rusts,-1.0
rusty,-1.0
rut,-1.0
ruthless,-1.0
ruthlessly,-1.0
ruthlessness,-1.0
ruts,-1.0
sabotage,-1.0
sack,-1.0
sacrificed,-1.0
sad,-1.0
sadden,-1.0
sadly,-1.0
sadness,-1.0
sag,-1.0
sagged,-1.0
sagging,-1.0
saggy,-1.0
sags,-1.0
salacious,-1.0
sanctimonious,-1.0
sap,-1.0
sarcasm,-1.0
sarcastic,-1.0
sarcastically,-1.0
sardonic,-1.0
sardonically,-1.0
sass,-1.0
satirical,-1.0
satirize,-1.0
savage,-1.0
savaged,-1.0
savagery,-1.0
savages,-1.0
scaly,-1.0
scam,-1.0
scams,-1.0
scandal,-1.0
scandalize,-1.0
scandalized,-1.0
scandalous,-1.0
scandalously,-1.0
scandals,-1.0
scandel,-1.0
scandels,-1.0
scant,-1.0
scapegoat,-1.0
scar,-1.0
scarce,-1.0
scarcely,-1.0
scarcity,-1.0
scare,-1.0
scared,-1.0
scarier,-1.0
scariest,-1.0
scarily,-1.0
scarred,-1.0
scars,-1.0
scary,-1.0
scathing,-1.0
scathingly,-1.0
sceptical,-1.0
scoff,-1.0
scoffingly,-1.0
scold,-1.0
scolded,-1.0
scolding,-1.0
scoldingly,-1.0
scorching,-1.0
scorchingly,-1.0
scorn,-1.0
scornful,-1.0
scornfully,-1.0
scoundrel,-1.0
scourge,-1.0
scowl,-1.0
scramble,-1.0
scrambled,-1.0
scrambles,-1.0
scrambling,-1.0
scrap,-1.0
scratch,-1.0
scratched,-1.0
scratches,-1.0
scratchy,-1.0
scream,-1.0
screech,-1.0
screw-up,-1.0
screwed,-1.0
screwed-up,-1.0
screwy,-1.0
scuff,-1.0
scuffs,-1.0
scum,-1.0
scummy,-1.0
second-class,-1.0
second-tier,-1.0
secretive,-1.0
sedentary,-1.0
seedy,-1.0
seethe,-1.0
seething,-1.0
self-coup,-1.0
self-criticism,-1.0
self-defeating,-1.0
self-destructive,-1.0
self-humiliation,-1.0
self-interest,-1.0
self-interested,-1.0
self-serving,-1.0
selfinterested,-1.0
selfish,-1.0
selfishly,-1.0
selfishness,-1.0
semi-retarded,-1.0
senile,-1.0
sensationalize,-1.0
senseless,-1.0
senselessly,-1.0
seriousness,-1.0
sermonize,-1.0
servitude,-1.0
set-up,-1.0
setback,-1.0
setbacks,-1.0
sever,-1.0
severe,-1.0
severity,-1.0
sh*t,-1.0
shabby,-1.0
shadowy,-1.0
shady,-1.0
shake,-1.0
shaky,-1.0
shallow,-1.0
sham,-1.0
shambles,-1.0
shame,-1.0
shameful,-1.0
shamefully,-1.0
shamefulness,-1.0
shameless,-1.0
shamelessly,-1.0
shamelessness,-1.0
shark,-1.0
sharply,-1.0
shatter,-1.0
shemale,-1.0
shimmer,-1.0
shimmy,-1.0
shipwreck,-1.0
shirk,-1.0
shirker,-1.0
shit,-1.0
shiver,-1.0
shock,-1.0
shocked,-1.0
shocking,-1.0
shockingly,-1.0
shoddy,-1.0
short-lived,-1.0
shortage,-1.0
shortchange,-1.0
shortcoming,-1.0
shortcomings,-1.0
shortness,-1.0
shortsighted,-1.0
shortsightedness,-1.0
showdown,-1.0
shrew,-1.0
shriek,-1.0
shrill,-1.0
shrilly,-1.0
shrivel,-1.0
shroud,-1.0
shrouded,-1.0
shrug,-1.0
shun,-1.0
shunned,-1.0
sick,-1.0
sicken,-1.0
sickening,-1.0
sickeningly,-1.0
sickly,-1.0
sickness,-1.0
sidetrack,-1.0
sidetracked,-1.0
siege,-1.0
sillily,-1.0
silly,-1.0
simplistic,-1.0
simplistically,-1.0
sin,-1.0
sinful,-1.0
sinfully,-1.0
sinister,-1.0
sinisterly,-1.0
sink,-1.0
sinking,-1.0
skeletons,-1.0
skeptic,-1.0
skeptical,-1.0
skeptically,-1.0
skepticism,-1.0
sketchy,-1.0
skimpy,-1.0
skinny,-1.0
skittish,-1.0
skittishly,-1.0
skulk,-1.0
slack,-1.0
slander,-1.0
slanderer,-1.0
slanderous,-1.0
slanderously,-1.0
slanders,-1.0
slap,-1.0
slashing,-1.0
slaughter,-1.0
slaughtered,-1.0
slave,-1.0
slaves,-1.0
sleazy,-1.0
slime,-1.0
slog,-1.0
slogged,-1.0
slogging,-1.0
slogs,-1.0
sloooooooooooooow,-1.0
sloooow,-1.0
slooow,-1.0
sloow,-1.0
sloppily,-1.0
sloppy,-1.0
sloth,-1.0
slothful,-1.0
slow,-1.0
slow-moving,-1.0
slowed,-1.0
slower,-1.0
slowest,-1.0
slowly,-1.0
sloww,-1.0
slowww,-1.0
slowwww,-1.0
slug,-1.0
sluggish,-1.0
slump,-1.0
slumping,-1.0
slumpping,-1.0
slur,-1.0
slut,-1.0
sluts,-1.0
sly,-1.0
smack,-1.0
smallish,-1.0
smash,-1.0
smear,-1.0
smell,-1.0
smelled,-1.0
smelling,-1.0
smells,-1.0
smelly,-1.0
smelt,-1.0
smoke,-1.0
smokescreen,-1.0
smolder,-1.0
smoldering,-1.0
smother,-1.0
smoulder,-1.0
smouldering,-1.0
smudge,-1.0
smudged,-1.0
smudges,-1.0
smudging,-1.0
smug,-1.0
smugly,-1.0
smut,-1.0
smuttier,-1.0
smuttiest,-1.0
smutty,-1.0
snag,-1.0
snagged,-1.0
snagging,-1.0
snags,-1.0
snappish,-1.0
snappishly,-1.0
snare,-1.0
snarky,-1.0
snarl,-1.0
sneak,-1.0
sneakily,-1.0
sneaky,-1.0
sneer,-1.0
sneering,-1.0
sneeringly,-1.0
snob,-1.0
snobbish,-1.0
snobby,-1.0
snobish,-1.0
snobs,-1.0
snub,-1.0
so-cal,-1.0
soapy,-1.0
sob,-1.0
sober,-1.0
sobering,-1.0
solemn,-1.0
solicitude,-1.0
somber,-1.0
sore,-1.0
sorely,-1.0
soreness,-1.0
sorrow,-1.0
sorrowful,-1.0
sorrowfully,-1.0
sorry,-1.0
sour,-1.0
sourly,-1.0
spade,-1.0
spank,-1.0
spendy,-1.0
spew,-1.0
spewed,-1.0
spewing,-1.0
spews,-1.0
spilling,-1.0
spinster,-1.0
spiritless,-1.0
spite,-1.0
spiteful,-1.0
spitefully,-1.0
spitefulness,-1.0
splatter,-1.0
split,-1.0
splitting,-1.0
spoil,-1.0
spoilage,-1.0
spoilages,-1.0
spoiled,-1.0
spoilled,-1.0
spoils,-1.0
spook,-1.0
spookier,-1.0
spookiest,-1.0
spookily,-1.0
spooky,-1.0
spoon-fed,-1.0
spoon-feed,-1.0
spoonfed,-1.0
sporadic,-1.0
spotty,-1.0
spurious,-1.0
spurn,-1.0
sputter,-1.0
squabble,-1.0
squabbling,-1.0
squander,-1.0
squash,-1.0
squeak,-1.0
squeaks,-1.0
squeaky,-1.0
squeal,-1.0
squealing,-1.0
squeals,-1.0
squirm,-1.0
stab,-1.0
stagnant,-1.0
stagnate,-1.0
stagnation,-1.0
staid,-1.0
stain,-1.0
stains,-1.0
stale,-1.0
stalemate,-1.0
stall,-1.0
stalls,-1.0
stammer,-1.0
stampede,-1.0
standstill,-1.0
stark,-1.0
starkly,-1.0
startle,-1.0
startling,-1.0
startlingly,-1.0
starvation,-1.0
starve,-1.0
static,-1.0
steal,-1.0
stealing,-1.0
steals,-1.0
steep,-1.0
steeply,-1.0
stench,-1.0
stereotype,-1.0
stereotypical,-1.0
stereotypically,-1.0
stern,-1.0
stew,-1.0
sticky,-1.0
stiff,-1.0
stiffness,-1.0
stifle,-1.0
stifling,-1.0
stiflingly,-1.0
stigma,-1.0
stigmatize,-1.0
sting,-1.0
stinging,-1.0
stingingly,-1.0
stingy,-1.0
stink,-1.0
stinks,-1.0
stodgy,-1.0
stole,-1.0
stolen,-1.0
stooge,-1.0
stooges,-1.0
stormy,-1.0
straggle,-1.0
straggler,-1.0
strain,-1.0
strained,-1.0
straining,-1.0
strange,-1.0
strangely,-1.0
stranger,-1.0
strangest,-1.0
strangle,-1.0
streaky,-1.0
strenuous,-1.0
stress,-1.0
stresses,-1.0
stressful,-1.0
stressfully,-1.0
stricken,-1.0
strict,-1.0
strictly,-1.0
strident,-1.0
stridently,-1.0
strife,-1.0
strike,-1.0
stringent,-1.0
stringently,-1.0
struck,-1.0
struggle,-1.0
struggled,-1.0
struggles,-1.0
struggling,-1.0
strut,-1.0
stubborn,-1.0
stubbornly,-1.0
stubbornness,-1.0
stuck,-1.0
stuffy,-1.0
stumble,-1.0
stumbled,-1.0
stumbles,-1.0
stump,-1.0
stumped,-1.0
stumps,-1.0
stun,-1.0
stunt,-1.0
stunted,-1.0
stupid,-1.0
stupidest,-1.0
stupidity,-1.0
stupidly,-1.0
stupified,-1.0
stupify,-1.0
stupor,-1.0
stutter,-1.0
stuttered,-1.0
stuttering,-1.0
stutters,-1.0
sty,-1.0
stymied,-1.0
sub-par,-1.0
subdued,-1.0
subjected,-1.0
subjection,-1.0
subjugate,-1.0
subjugation,-1.0
submissive,-1.0
subordinate,-1.0
subpoena,-1.0
subpoenas,-1.0
subservience,-1.0
subservient,-1.0
substandard,-1.0
subtract,-1.0
subversion,-1.0
subversive,-1.0
subversively,-1.0
subvert,-1.0
succumb,-1.0
suck,-1.0
sucked,-1.0
sucker,-1.0
sucks,-1.0
sucky,-1.0
sue,-1.0
sued,-1.0
sueing,-1.0
sues,-1.0
suffer,-1.0
suffered,-1.0
sufferer,-1.0
sufferers,-1.0
suffering,-1.0
suffers,-1.0
suffocate,-1.0
sugar-coat,-1.0
sugar-coated,-1.0
sugarcoated,-1.0
suicidal,-1.0
suicide,-1.0
sulk,-1.0
sullen,-1.0
sully,-1.0
sunder,-1.0
sunk,-1.0
sunken,-1.0
superficial,-1.0
superficiality,-1.0
superficially,-1.0
superfluous,-1.0
superstition,-1.0
superstitious,-1.0
suppress,-1.0
suppression,-1.0
surrender,-1.0
susceptible,-1.0
suspect,-1.0
suspicion,-1.0
suspicions,-1.0
suspicious,-1.0
suspiciously,-1.0
swagger,-1.0
swamped,-1.0
sweaty,-1.0
swelled,-1.0
swelling,-1.0
swindle,-1.0
swipe,-1.0
swollen,-1.0
symptom,-1.0
symptoms,-1.0
syndrome,-1.0
taboo,-1.0
tacky,-1.0
taint,-1.0
tainted,-1.0
tamper,-1.0
tangle,-1.0
tangled,-1.0
tangles,-1.0
tank,-1.0
tanked,-1.0
tanks,-1.0
tantrum,-1.0
tardy,-1.0
tarnish,-1.0
tarnished,-1.0
tarnishes,-1.0
tarnishing,-1.0
tattered,-1.0
taunt,-1.0
taunting,-1.0
tauntingly,-1.0
taunts,-1.0
taut,-1.0
tawdry,-1.0
taxing,-1.0
tease,-1.0
teasingly,-1.0
tedious,-1.0
tediously,-1.0
temerity,-1.0
temper,-1.0
tempest,-1.0
temptation,-1.0
tenderness,-1.0
tense,-1.0
tension,-1.0
tentative,-1.0
tentatively,-1.0
tenuous,-1.0
tenuously,-1.0
tepid,-1.0
terrible,-1.0
terribleness,-1.0
terribly,-1.0
terror,-1.0
terror-genic,-1.0
terrorism,-1.0
terrorize,-1.0
testily,-1.0
testy,-1.0
tetchily,-1.0
tetchy,-1.0
thankless,-1.0
thicker,-1.0
thirst,-1.0
thorny,-1.0
thoughtless,-1.0
thoughtlessly,-1.0
thoughtlessness,-1.0
thrash,-1.0
threat,-1.0
threaten,-1.0
threatening,-1.0
threats,-1.0
threesome,-1.0
throb,-1.0
throbbed,-1.0
throbbing,-1.0
throbs,-1.0
throttle,-1.0
thug,-1.0
thumb-down,-1.0
thumbs-down,-1.0
thwart,-1.0
time-consuming,-1.0
timid,-1.0
timidity,-1.0
timidly,-1.0
timidness,-1.0
tin-y,-1.0
tingled,-1.0
tingling,-1.0
tired,-1.0
tiresome,-1.0
tiring,-1.0
tiringly,-1.0
toil,-1.0
toll,-1.0
top-heavy,-1.0
topple,-1.0
torment,-1.0
tormented,-1.0
torrent,-1.0
tortuous,-1.0
torture,-1.0
tortured,-1.0
tortures,-1.0
torturing,-1.0
torturous,-1.0
torturously,-1.0
totalitarian,-1.0
touchy,-1.0
toughness,-1.0
tout,-1.0
touted,-1.0
touts,-1.0
toxic,-1.0
traduce,-1.0
tragedy,-1.0
tragic,-1.0
tragically,-1.0
traitor,-1.0
traitorous,-1.0
traitorously,-1.0
tramp,-1.0
trample,-1.0
transgress,-1.0
transgression,-1.0
trap,-1.0
traped,-1.0
trapped,-1.0
trash,-1.0
trashed,-1.0
trashy,-1.0
trauma,-1.0
traumatic,-1.0
traumatically,-1.0
traumatize,-1.0
traumatized,-1.0
travesties,-1.0
travesty,-1.0
treacherous,-1.0
treacherously,-1.0
treachery,-1.0
treason,-1.0
treasonous,-1.0
trick,-1.0
tricked,-1.0
trickery,-1.0
tricky,-1.0
trivial,-1.0
trivialize,-1.0
trouble,-1.0
troubled,-1.0
troublemaker,-1.0
troubles,-1.0
troublesome,-1.0
troublesomely,-1.0
troubling,-1.0
troublingly,-1.0
truant,-1.0
tumble,-1.0
tumbled,-1.0
tumbles,-1.0
tumultuous,-1.0
turbulent,-1.0
turmoil,-1.0
twist,-1.0
twisted,-1.0
twists,-1.0
two-faced,-1.0
two-faces,-1.0
tyrannical,-1.0
tyrannically,-1.0
tyranny,-1.0
tyrant,-1.0
ugh,-1.0
uglier,-1.0
ugliest,-1.0
ugliness,-1.0
ugly,-1.0
ulterior,-1.0
ultimatum,-1.0
ultimatums,-1.0
ultra-hardline,-1.0
un-viewable,-1.0
unable,-1.0
unacceptable,-1.0
unacceptablely,-1.0
unacceptably,-1.0
unaccessible,-1.0
unaccustomed,-1.0
unachievable,-1.0
unaffordable,-1.0
unappealing,-1.0
unattractive,-1.0
unauthentic,-1.0
unavailable,-1.0
unavoidably,-1.0
unbearable,-1.0
unbearablely,-1.0
unbelievable,-1.0
unbelievably,-1.0
uncaring,-1.0
uncertain,-1.0
uncivil,-1.0
uncivilized,-1.0
unclean,-1.0
unclear,-1.0
uncollectible,-1.0
uncomfortable,-1.0
uncomfortably,-1.0
uncomfy,-1.0
uncompetitive,-1.0
uncompromising,-1.0
uncompromisingly,-1.0
unconfirmed,-1.0
unconstitutional,-1.0
uncontrolled,-1.0
unconvincing,-1.0
unconvincingly,-1.0
uncooperative,-1.0
uncouth,-1.0
uncreative,-1.0
undecided,-1.0
undefined,-1.0
undependability,-1.0
undependable,-1.0
undercut,-1.0
undercuts,-1.0
undercutting,-1.0
underdog,-1.0
underestimate,-1.0
underlings,-1.0
undermine,-1.0
undermined,-1.0
undermines,-1.0
undermining,-1.0
underpaid,-1.0
underpowered,-1.0
undersized,-1.0
undesirable,-1.0
undetermined,-1.0
undid,-1.0
undignified,-1.0
undissolved,-1.0
undocumented,-1.0
undone,-1.0
undue,-1.0
unease,-1.0
uneasily,-1.0
uneasiness,-1.0
uneasy,-1.0
uneconomical,-1.0
unemployed,-1.0
unequal,-1.0
unethical,-1.0
uneven,-1.0
uneventful,-1.0
unexpected,-1.0
unexpectedly,-1.0
unexplained,-1.0
unfairly,-1.0
unfaithful,-1.0
unfaithfully,-1.0
unfamiliar,-1.0
unfavorable,-1.0
unfeeling,-1.0
unfinished,-1.0
unfit,-1.0
unforeseen,-1.0
unforgiving,-1.0
unfortunate,-1.0
unfortunately,-1.0
unfounded,-1.0
unfriendly,-1.0
unfulfilled,-1.0
unfunded,-1.0
ungovernable,-1.0
ungrateful,-1.0
unhappily,-1.0
unhappiness,-1.0
unhappy,-1.0
unhealthy,-1.0
unhelpful,-1.0
unilateralism,-1.0
unimaginable,-1.0
unimaginably,-1.0
unimportant,-1.0
uninformed,-1.0
uninsured,-1.0
unintelligible,-1.0
unintelligile,-1.0
unipolar,-1.0
unjust,-1.0
unjustifiable,-1.0
unjustifiably,-1.0
unjustified,-1.0
unjustly,-1.0
unkind,-1.0
unkindly,-1.0
unknown,-1.0
unlamentable,-1.0
unlamentably,-1.0
unlawful,-1.0
unlawfully,-1.0
unlawfulness,-1.0
unleash,-1.0
unlicensed,-1.0
unlikely,-1.0
unlucky,-1.0
unmoved,-1.0
unnatural,-1.0
unnaturally,-1.0
unnecessary,-1.0
unneeded,-1.0
unnerve,-1.0
unnerved,-1.0
unnerving,-1.0
unnervingly,-1.0
unnoticed,-1.0
unobserved,-1.0
unorthodox,-1.0
unorthodoxy,-1.0
unpleasant,-1.0
unpleasantries,-1.0
unpopular,-1.0
unpredictable,-1.0
unprepared,-1.0
unproductive,-1.0
unprofitable,-1.0
unprove,-1.0
unproved,-1.0
unproven,-1.0
unproves,-1.0
unproving,-1.0
unqualified,-1.0
unravel,-1.0
unraveled,-1.0
unreachable,-1.0
unreadable,-1.0
unrealistic,-1.0
unreasonable,-1.0
unreasonably,-1.0
unrelenting,-1.0
unrelentingly,-1.0
unreliability,-1.0
unreliable,-1.0
unresolved,-1.0
unresponsive,-1.0
unrest,-1.0
unruly,-1.0
unsafe,-1.0
unsatisfactory,-1.0
unsavory,-1.0
unscrupulous,-1.0
unscrupulously,-1.0
unsecure,-1.0
unseemly,-1.0
unsettle,-1.0
unsettled,-1.0
unsettling,-1.0
unsettlingly,-1.0
unskilled,-1.0
unsophisticated,-1.0
unsound,-1.0
unspeakable,-1.0
unspeakablely,-1.0
unspecified,-1.0
unstable,-1.0
unsteadily,-1.0
unsteadiness,-1.0
unsteady,-1.0
unsuccessful,-1.0
unsuccessfully,-1.0
unsupported,-1.0
unsupportive,-1.0
unsure,-1.0
unsuspecting,-1.0
unsustainable,-1.0
untenable,-1.0
untested,-1.0
unthinkable,-1.0
unthinkably,-1.0
untimely,-1.0
untouched,-1.0
untrue,-1.0
untrustworthy,-1.0
untruthful,-1.0
unusable,-1.0
unusably,-1.0
unuseable,-1.0
unuseably,-1.0
unusual,-1.0
unusually,-1.0
unviewable,-1.0
unwanted,-1.0
unwarranted,-1.0
unwatchable,-1.0
unwelcome,-1.0
unwell,-1.0
unwieldy,-1.0
unwilling,-1.0
unwillingly,-1.0
unwillingness,-1.0
unwise,-1.0
unwisely,-1.0
unworkable,-1.0
unworthy,-1.0
unyielding,-1.0
upbraid,-1.0
upheaval,-1.0
uprising,-1.0
uproar,-1.0
uproarious,-1.0
uproariously,-1.0
uproarous,-1.0
uproarously,-1.0
uproot,-1.0
upset,-1.0
upseting,-1.0
upsets,-1.0
upsetting,-1.0
upsettingly,-1.0
urgent,-1.0
useless,-1.0
usurp,-1.0
usurper,-1.0
utterly,-1.0
vagrant,-1.0
vague,-1.0
vagueness,-1.0
vain,-1.0
vainly,-1.0
vanity,-1.0
vehement,-1.0
vehemently,-1.0
vengeance,-1.0
vengeful,-1.0
vengefully,-1.0
vengefulness,-1.0
venom,-1.0
venomous,-1.0
venomously,-1.0
vent,-1.0
vestiges,-1.0
vex,-1.0
vexation,-1.0
vexing,-1.0
vexingly,-1.0
vibrate,-1.0
vibrated,-1.0
vibrates,-1.0
vibrating,-1.0
vibration,-1.0
vice,-1.0
vicious,-1.0
viciously,-1.0
viciousness,-1.0
victimize,-1.0
vile,-1.0
vileness,-1.0
vilify,-1.0
villainous,-1.0
villainously,-1.0
villains,-1.0
villian,-1.0
villianous,-1.0
villianously,-1.0
villify,-1.0
vindictive,-1.0
vindictively,-1.0
vindictiveness,-1.0
violate,-1.0
violation,-1.0
violator,-1.0
violators,-1.0
violent,-1.0
violently,-1.0
viper,-1.0
virulence,-1.0
virulent,-1.0
virulently,-1.0
virus,-1.0
vociferous,-1.0
vociferously,-1.0
volatile,-1.0
volatility,-1.0
vomit,-1.0
vomited,-1.0
vomiting,-1.0
vomits,-1.0
vulgar,-1.0
vulnerable,-1.0
wack,-1.0
wail,-1.0
wallow,-1.0
wane,-1.0
waning,-1.0
wanton,-1.0
war-like,-1.0
warily,-1.0
wariness,-1.0
warlike,-1.0
warned,-1.0
warning,-1.0
warp,-1.0
warped,-1.0
wary,-1.0
washed-out,-1.0
waste,-1.0
wasted,-1.0
wasteful,-1.0
wastefulness,-1.0
wasting,-1.0
water-down,-1.0
watered-down,-1.0
wayward,-1.0
weak,-1.0
weaken,-1.0
weakening,-1.0
weaker,-1.0
weakness,-1.0
weaknesses,-1.0
weariness,-1.0
wearisome,-1.0
weary,-1.0
wedge,-1.0
weed,-1.0
weep,-1.0
weird,-1.0
weirdly,-1.0
wheedle,-1.0
whimper,-1.0
whine,-1.0
whining,-1.0
whiny,-1.0
whips,-1.0
whore,-1.0
whores,-1.0
wicked,-1.0
wickedly,-1.0
wickedness,-1.0
wild,-1.0
wildly,-1.0
wiles,-1.0
wilt,-1.0
wily,-1.0
wimpy,-1.0
wince,-1.0
wobble,-1.0
wobbled,-1.0
wobbles,-1.0
woe,-1.0
woebegone,-1.0
woeful,-1.0
woefully,-1.0
womanizer,-1.0
womanizing,-1.0
worn,-1.0
worried,-1.0
worriedly,-1.0
worrier,-1.0
worries,-1.0
worrisome,-1.0
worry,-1.0
worrying,-1.0
worryingly,-1.0
worse,-1.0
worsen,-1.0
worsening,-1.0
worst,-1.0
worthless,-1.0
worthlessly,-1.0
worthlessness,-1.0
wound,-1.0
wounds,-1.0
wrangle,-1.0
wrath,-1.0
wreak,-1.0
wreaked,-1.0
wreaks,-1.0
wreck,-1.0
wrest,-1.0
wrestle,-1.0
wretch,-1.0
wretched,-1.0
wretchedly,-1.0
wretchedness,-1.0
wrinkle,-1.0
wrinkled,-1.0
wrinkles,-1.0
wrip,-1.0
wripped,-1.0
wripping,-1.0
writhe,-1.0
wrong,-1.0
wrongful,-1.0
wrongly,-1.0
wrought,-1.0
yawn,-1.0
zap,-1.0
zapped,-1.0
zaps,-1.0
zealot,-1.0
zealous,-1.0
zealously,-1.0
zombie,-1.0
